Timestamp,UTC,Callsign,Position,Altitude,Speed,Direction
1760368534,2025-10-13T15:15:34Z,DAL603,"29.989269,-95.34874",0,0,195
1760368858,2025-10-13T15:20:58Z,DAL603,"29.989639,-95.348343",0,7,3
1760368867,2025-10-13T15:21:07Z,DAL603,"29.98988,-95.348579",0,9,324
1760368872,2025-10-13T15:21:12Z,DAL603,"29.989941,-95.348808",0,10,293
1760368877,2025-10-13T15:21:17Z,DAL603,"29.98996,-95.349037",0,9,281
1760368881,2025-10-13T15:21:21Z,DAL603,"29.98995,-95.349258",0,10,268
1760368885,2025-10-13T15:21:25Z,DAL603,"29.98995,-95.349472",0,10,268
1760368890,2025-10-13T15:21:30Z,DAL603,"29.98995,-95.349792",0,12,271
1760368894,2025-10-13T15:21:34Z,DAL603,"29.98995,-95.350029",0,11,270
1760368898,2025-10-13T15:21:38Z,DAL603,"29.98995,-95.350311",0,13,269
1760368903,2025-10-13T15:21:43Z,DAL603,"29.98983,-95.350601",0,12,253
1760368908,2025-10-13T15:21:48Z,DAL603,"29.98954,-95.350769",0,14,205
1760368911,2025-10-13T15:21:51Z,DAL603,"29.98933,-95.350769",0,15,182
1760368916,2025-10-13T15:21:56Z,DAL603,"29.9891,-95.350792",0,11,179
1760368922,2025-10-13T15:22:02Z,DAL603,"29.98896,-95.351151",0,14,240
1760368927,2025-10-13T15:22:07Z,DAL603,"29.988979,-95.351433",0,12,274
1760368931,2025-10-13T15:22:11Z,DAL603,"29.988991,-95.351677",0,12,271
1760368935,2025-10-13T15:22:15Z,DAL603,"29.988979,-95.351913",0,11,270
1760368941,2025-10-13T15:22:21Z,DAL603,"29.988979,-95.352142",0,7,269
1760368976,2025-10-13T15:22:56Z,DAL603,"29.989229,-95.352242",0,8,336
1760368981,2025-10-13T15:23:01Z,DAL603,"29.98888,-95.352127",0,11,192
1760368982,2025-10-13T15:23:02Z,DAL603,"29.98908,-95.352051",0,4,18
1760369043,2025-10-13T15:24:03Z,DAL603,"29.988819,-95.352119",0,9,176
1760369048,2025-10-13T15:24:08Z,DAL603,"29.98904,-95.352119",0,3,359
1760369068,2025-10-13T15:24:28Z,DAL603,"29.988831,-95.352058",0,8,169
1760369098,2025-10-13T15:24:58Z,DAL603,"29.98918,-95.352173",0,9,348
1760369100,2025-10-13T15:25:00Z,DAL603,"29.98897,-95.352158",0,2,221
1760369113,2025-10-13T15:25:13Z,DAL603,"29.98872,-95.35199",0,14,160
1760369115,2025-10-13T15:25:15Z,DAL603,"29.988979,-95.352119",0,0,341
1760369538,2025-10-13T15:32:18Z,DAL603,"29.989269,-95.352257",0,13,342
1760369543,2025-10-13T15:32:23Z,DAL603,"29.989031,-95.352127",0,1,327
1760369575,2025-10-13T15:32:55Z,DAL603,"29.98901,-95.352364",0,6,303
1760369582,2025-10-13T15:33:02Z,DAL603,"29.98912,-95.352631",0,8,293
1760369592,2025-10-13T15:33:12Z,DAL603,"29.98889,-95.35276",0,8,194
1760369599,2025-10-13T15:33:19Z,DAL603,"29.988939,-95.352531",0,7,85
1760369609,2025-10-13T15:33:29Z,DAL603,"29.988991,-95.35228",0,6,72
1760369614,2025-10-13T15:33:34Z,DAL603,"29.988979,-95.352058",0,8,87
1760369619,2025-10-13T15:33:39Z,DAL603,"29.988991,-95.351791",0,10,89
1760369624,2025-10-13T15:33:44Z,DAL603,"29.988979,-95.351486",0,11,89
1760369629,2025-10-13T15:33:49Z,DAL603,"29.988979,-95.351196",0,11,90
1760369633,2025-10-13T15:33:53Z,DAL603,"29.988991,-95.350967",0,10,89
1760369639,2025-10-13T15:33:59Z,DAL603,"29.989229,-95.350769",0,11,40
1760369643,2025-10-13T15:34:03Z,DAL603,"29.98945,-95.350769",0,13,4
1760369648,2025-10-13T15:34:08Z,DAL603,"29.98966,-95.350769",0,10,358
1760369653,2025-10-13T15:34:13Z,DAL603,"29.98988,-95.350609",0,11,22
1760369658,2025-10-13T15:34:18Z,DAL603,"29.98996,-95.350288",0,13,74
1760369662,2025-10-13T15:34:22Z,DAL603,"29.989941,-95.350029",0,13,94
1760369666,2025-10-13T15:34:26Z,DAL603,"29.98995,-95.349762",0,13,91
1760369670,2025-10-13T15:34:30Z,DAL603,"29.989981,-95.349503",0,13,86
1760369673,2025-10-13T15:34:33Z,DAL603,"29.989969,-95.349281",0,13,89
1760369676,2025-10-13T15:34:36Z,DAL603,"29.989969,-95.349068",0,13,90
1760369680,2025-10-13T15:34:40Z,DAL603,"29.989969,-95.348778",0,13,89
1760369685,2025-10-13T15:34:45Z,DAL603,"29.989941,-95.348511",0,10,96
1760369693,2025-10-13T15:34:53Z,DAL603,"29.989719,-95.348343",0,7,143
1760369700,2025-10-13T15:35:00Z,DAL603,"29.989479,-95.348343",0,7,169
1760369707,2025-10-13T15:35:07Z,DAL603,"29.98926,-95.348351",0,6,178
1760369714,2025-10-13T15:35:14Z,DAL603,"29.98922,-95.348572",0,2,247
1760371997,2025-10-13T16:13:17Z,DAL603,"29.989691,-95.348381",0,0,356
1760372003,2025-10-13T16:13:23Z,DAL603,"29.989889,-95.348618",0,11,317
1760372009,2025-10-13T16:13:29Z,DAL603,"29.989969,-95.34893",0,10,292
1760372013,2025-10-13T16:13:33Z,DAL603,"29.98995,-95.349159",0,11,273
1760372018,2025-10-13T16:13:38Z,DAL603,"29.98995,-95.349457",0,11,269
1760372021,2025-10-13T16:13:41Z,DAL603,"29.98995,-95.349663",0,12,269
1760372025,2025-10-13T16:13:45Z,DAL603,"29.98995,-95.349899",0,12,270
1760372030,2025-10-13T16:13:50Z,DAL603,"29.98995,-95.350197",0,11,270
1760372034,2025-10-13T16:13:54Z,DAL603,"29.98992,-95.350449",0,12,264
1760372038,2025-10-13T16:13:58Z,DAL603,"29.989799,-95.35067",0,12,247
1760372041,2025-10-13T16:14:01Z,DAL603,"29.98959,-95.350739",0,14,211
1760372046,2025-10-13T16:14:06Z,DAL603,"29.989269,-95.350739",0,15,175
1760372051,2025-10-13T16:14:11Z,DAL603,"29.98904,-95.3508",0,11,186
1760372055,2025-10-13T16:14:15Z,DAL603,"29.988979,-95.351044",0,11,236
1760372060,2025-10-13T16:14:20Z,DAL603,"29.989,-95.351334",0,12,273
1760372065,2025-10-13T16:14:25Z,DAL603,"29.98896,-95.351608",0,11,269
1760372069,2025-10-13T16:14:29Z,DAL603,"29.988991,-95.351837",0,11,271
1760372079,2025-10-13T16:14:39Z,DAL603,"29.988979,-95.352127",0,6,269
1760372086,2025-10-13T16:14:46Z,DAL603,"29.988979,-95.352371",0,7,269
1760372091,2025-10-13T16:14:51Z,DAL603,"29.989031,-95.352592",0,8,276
1760372097,2025-10-13T16:14:57Z,DAL603,"29.98912,-95.352852",0,9,289
1760372101,2025-10-13T16:15:01Z,DAL603,"29.989189,-95.353111",0,12,290
1760372105,2025-10-13T16:15:05Z,DAL603,"29.98921,-95.353432",0,15,276
1760372108,2025-10-13T16:15:08Z,DAL603,"29.989201,-95.353653",0,14,271
1760372111,2025-10-13T16:15:11Z,DAL603,"29.989201,-95.353889",0,15,269
1760372114,2025-10-13T16:15:14Z,DAL603,"29.989201,-95.354141",0,15,269
1760372118,2025-10-13T16:15:18Z,DAL603,"29.989189,-95.354462",0,15,270
1760372125,2025-10-13T16:15:25Z,DAL603,"29.989389,-95.355011",0,16,295
1760372129,2025-10-13T16:15:29Z,DAL603,"29.989571,-95.355301",0,16,304
1760372132,2025-10-13T16:15:32Z,DAL603,"29.98974,-95.355507",0,17,308
1760372136,2025-10-13T16:15:36Z,DAL603,"29.98999,-95.355789",0,19,314
1760372139,2025-10-13T16:15:39Z,DAL603,"29.990191,-95.355949",0,18,322
1760372142,2025-10-13T16:15:42Z,DAL603,"29.99044,-95.356079",0,20,332
1760372146,2025-10-13T16:15:46Z,DAL603,"29.990709,-95.356247",0,17,333
1760372150,2025-10-13T16:15:50Z,DAL603,"29.99085,-95.356529",0,15,302
1760372153,2025-10-13T16:15:53Z,DAL603,"29.990891,-95.356789",0,16,280
1760372156,2025-10-13T16:15:56Z,DAL603,"29.990891,-95.35704",0,17,267
1760372159,2025-10-13T16:15:59Z,DAL603,"29.99094,-95.3573",0,17,277
1760372161,2025-10-13T16:16:01Z,DAL603,"29.990942,-95.357513",0,16,272
1760372168,2025-10-13T16:16:08Z,DAL603,"29.99098,-95.35807",0,16,275
1760372172,2025-10-13T16:16:12Z,DAL603,"29.99099,-95.358437",0,17,271
1760372175,2025-10-13T16:16:15Z,DAL603,"29.99098,-95.358719",0,18,269
1760372178,2025-10-13T16:16:18Z,DAL603,"29.990931,-95.359001",0,18,262
1760372182,2025-10-13T16:16:22Z,DAL603,"29.990841,-95.35939",0,19,256
1760372185,2025-10-13T16:16:25Z,DAL603,"29.99073,-95.359673",0,19,248
1760372188,2025-10-13T16:16:28Z,DAL603,"29.990629,-95.359879",0,16,245
1760372191,2025-10-13T16:16:31Z,DAL603,"29.99053,-95.3601",0,16,243
1760372196,2025-10-13T16:16:36Z,DAL603,"29.990324,-95.360313",0,12,219
1760372200,2025-10-13T16:16:40Z,DAL603,"29.990124,-95.360374",0,11,196
1760372204,2025-10-13T16:16:44Z,DAL603,"29.989918,-95.360336",0,11,171
1760372209,2025-10-13T16:16:49Z,DAL603,"29.98971,-95.360191",0,11,149
1760372214,2025-10-13T16:16:54Z,DAL603,"29.98946,-95.360069",0,12,152
1760372220,2025-10-13T16:17:00Z,DAL603,"29.989229,-95.359917",0,9,152
1760372230,2025-10-13T16:17:10Z,DAL603,"29.989,-95.359772",0,6,150
1760372237,2025-10-13T16:17:17Z,DAL603,"29.98877,-95.359711",0,8,164
1760372244,2025-10-13T16:17:24Z,DAL603,"29.988501,-95.359802",0,9,193
1760372251,2025-10-13T16:17:31Z,DAL603,"29.9883,-95.360092",0,11,236
1760372256,2025-10-13T16:17:36Z,DAL603,"29.988171,-95.360336",0,12,239
1760372260,2025-10-13T16:17:40Z,DAL603,"29.98805,-95.360619",0,14,243
1760372264,2025-10-13T16:17:44Z,DAL603,"29.987928,-95.360878",0,12,241
1760372269,2025-10-13T16:17:49Z,DAL603,"29.987829,-95.361099",0,10,241
1760372276,2025-10-13T16:17:56Z,DAL603,"29.9876,-95.361298",0,9,223
1760372345,2025-10-13T16:19:05Z,DAL603,"29.987391,-95.36113",0,2,154
1760372353,2025-10-13T16:19:13Z,DAL603,"29.9869,-95.360832",0,21,151
1760372358,2025-10-13T16:19:18Z,DAL603,"29.986059,-95.360329",0,45,152
1760372360,2025-10-13T16:19:20Z,DAL603,"29.985609,-95.360046",0,55,152
1760372362,2025-10-13T16:19:22Z,DAL603,"29.985081,-95.359741",0,63,152
1760372364,2025-10-13T16:19:24Z,DAL603,"29.984449,-95.35936",0,74,152
1760372365,2025-10-13T16:19:25Z,DAL603,"29.984024,-95.359077",0,84,151
1760372367,2025-10-13T16:19:27Z,DAL603,"29.983383,-95.358688",0,90,151
1760372369,2025-10-13T16:19:29Z,DAL603,"29.982201,-95.357979",0,97,152
1760372375,2025-10-13T16:19:35Z,DAL603,"29.980133,-95.356697",25,121,151
1760372377,2025-10-13T16:19:37Z,DAL603,"29.978477,-95.355728",0,132,152
1760372379,2025-10-13T16:19:39Z,DAL603,"29.977341,-95.354973",0,139,151
1760372383,2025-10-13T16:19:43Z,DAL603,"29.974707,-95.353416",0,150,151
1760372386,2025-10-13T16:19:46Z,DAL603,"29.973543,-95.352707",0,159,151
1760372388,2025-10-13T16:19:48Z,DAL603,"29.971481,-95.351418",50,163,152
1760372390,2025-10-13T16:19:50Z,DAL603,"29.970192,-95.35067",125,164,152
1760372393,2025-10-13T16:19:53Z,DAL603,"29.968702,-95.349792",200,162,152
1760372395,2025-10-13T16:19:55Z,DAL603,"29.967072,-95.348862",325,161,153
1760372397,2025-10-13T16:19:57Z,DAL603,"29.965908,-95.348145",400,161,153
1760372399,2025-10-13T16:19:59Z,DAL603,"29.964279,-95.347214",475,160,153
1760372401,2025-10-13T16:20:01Z,DAL603,"29.963013,-95.346519",550,161,154
1760372403,2025-10-13T16:20:03Z,DAL603,"29.961594,-95.345818",625,162,157
1760372405,2025-10-13T16:20:05Z,DAL603,"29.960276,-95.34523",700,162,161
1760372407,2025-10-13T16:20:07Z,DAL603,"29.958366,-95.344627",800,163,165
1760372410,2025-10-13T16:20:10Z,DAL603,"29.957203,-95.344353",875,164,169
1760372412,2025-10-13T16:20:12Z,DAL603,"29.955414,-95.344147",950,165,177
1760372414,2025-10-13T16:20:14Z,DAL603,"29.953804,-95.344246",1000,166,184
1760372416,2025-10-13T16:20:16Z,DAL603,"29.951849,-95.344681",1075,168,192
1760372418,2025-10-13T16:20:18Z,DAL603,"29.950499,-95.345177",1150,169,201
1760372420,2025-10-13T16:20:20Z,DAL603,"29.948917,-95.346054",1200,171,208
1760372422,2025-10-13T16:20:22Z,DAL603,"29.947632,-95.346947",1275,174,214
1760372425,2025-10-13T16:20:25Z,DAL603,"29.945984,-95.348511",1325,177,222
1760372427,2025-10-13T16:20:27Z,DAL603,"29.94454,-95.350235",1375,179,228
1760372429,2025-10-13T16:20:29Z,DAL603,"29.943609,-95.351662",1400,182,235
1760372431,2025-10-13T16:20:31Z,DAL603,"29.942551,-95.35379",1450,184,240
1760372434,2025-10-13T16:20:34Z,DAL603,"29.941702,-95.355835",1500,188,246
1760372436,2025-10-13T16:20:36Z,DAL603,"29.941143,-95.357758",1525,191,251
1760372438,2025-10-13T16:20:38Z,DAL603,"29.94072,-95.359657",1550,194,257
1760372440,2025-10-13T16:20:40Z,DAL603,"29.940399,-95.36219",1600,197,264
1760372442,2025-10-13T16:20:42Z,DAL603,"29.940353,-95.364502",1625,201,270
1760372444,2025-10-13T16:20:44Z,DAL603,"29.940445,-95.366661",1675,203,275
1760372447,2025-10-13T16:20:47Z,DAL603,"29.940811,-95.369247",1725,206,281
1760372449,2025-10-13T16:20:49Z,DAL603,"29.941236,-95.371323",1750,208,285
1760372451,2025-10-13T16:20:51Z,DAL603,"29.94212,-95.374069",1825,211,292
1760372453,2025-10-13T16:20:53Z,DAL603,"29.942959,-95.376106",1875,214,296
1760372455,2025-10-13T16:20:55Z,DAL603,"29.944168,-95.378525",1925,217,301
1760372458,2025-10-13T16:20:58Z,DAL603,"29.945297,-95.380287",1975,220,308
1760372460,2025-10-13T16:21:00Z,DAL603,"29.946869,-95.382309",2050,220,314
1760372462,2025-10-13T16:21:02Z,DAL603,"29.94873,-95.384178",2150,220,319
1760372464,2025-10-13T16:21:04Z,DAL603,"29.950174,-95.385445",2225,222,325
1760372466,2025-10-13T16:21:06Z,DAL603,"29.952072,-95.386749",2275,223,330
1760372468,2025-10-13T16:21:08Z,DAL603,"29.954037,-95.387802",2350,224,336
1760372471,2025-10-13T16:21:11Z,DAL603,"29.9561,-95.388687",2425,226,341
1760372473,2025-10-13T16:21:13Z,DAL603,"29.958527,-95.389442",2500,227,347
1760372475,2025-10-13T16:21:15Z,DAL603,"29.960741,-95.389839",2575,227,352
1760372477,2025-10-13T16:21:17Z,DAL603,"29.962509,-95.389977",2625,228,357
1760372479,2025-10-13T16:21:19Z,DAL603,"29.965164,-95.389893",2725,229,4
1760372481,2025-10-13T16:21:21Z,DAL603,"29.96759,-95.389496",2800,230,9
1760372483,2025-10-13T16:21:23Z,DAL603,"29.970005,-95.388847",2850,231,13
1760372486,2025-10-13T16:21:26Z,DAL603,"29.972099,-95.388138",2925,235,18
1760372488,2025-10-13T16:21:28Z,DAL603,"29.974686,-95.387016",3000,237,20
1760372490,2025-10-13T16:21:30Z,DAL603,"29.976746,-95.386101",3050,240,21
1760372492,2025-10-13T16:21:32Z,DAL603,"29.978577,-95.385239",3100,241,21
1760372494,2025-10-13T16:21:34Z,DAL603,"29.980804,-95.384232",3175,243,21
1760372496,2025-10-13T16:21:36Z,DAL603,"29.983133,-95.383133",3250,245,21
1760372499,2025-10-13T16:21:39Z,DAL603,"29.985764,-95.381897",3300,247,21
1760372501,2025-10-13T16:21:41Z,DAL603,"29.987915,-95.380928",3350,249,21
1760372503,2025-10-13T16:21:43Z,DAL603,"29.990112,-95.379906",3400,253,21
1760372505,2025-10-13T16:21:45Z,DAL603,"29.992722,-95.37867",3450,256,22
1760372507,2025-10-13T16:21:47Z,DAL603,"29.995377,-95.377434",3500,257,22
1760372509,2025-10-13T16:21:49Z,DAL603,"29.997284,-95.376541",3575,259,22
1760372512,2025-10-13T16:21:52Z,DAL603,"30.00017,-95.375168",3675,260,22
1760372514,2025-10-13T16:21:54Z,DAL603,"30.002405,-95.374069",3750,261,22
1760372516,2025-10-13T16:21:56Z,DAL603,"30.004641,-95.372971",3825,262,23
1760372522,2025-10-13T16:22:02Z,DAL603,"30.011763,-95.369125",4025,266,28
1760372524,2025-10-13T16:22:04Z,DAL603,"30.014322,-95.367424",4100,267,30
1760372527,2025-10-13T16:22:07Z,DAL603,"30.016754,-95.365692",4200,267,32
1760372529,2025-10-13T16:22:09Z,DAL603,"30.018814,-95.364128",4275,267,33
1760372531,2025-10-13T16:22:11Z,DAL603,"30.021353,-95.362099",4375,267,35
1760372533,2025-10-13T16:22:13Z,DAL603,"30.023354,-95.360451",4475,267,35
1760372536,2025-10-13T16:22:16Z,DAL603,"30.025681,-95.358475",4550,268,36
1760372538,2025-10-13T16:22:18Z,DAL603,"30.027695,-95.35675",4650,269,36
1760372540,2025-10-13T16:22:20Z,DAL603,"30.029778,-95.354958",4725,270,37
1760372542,2025-10-13T16:22:22Z,DAL603,"30.031733,-95.353142",4825,270,38
1760372544,2025-10-13T16:22:24Z,DAL603,"30.033829,-95.351311",4925,269,38
1760372546,2025-10-13T16:22:26Z,DAL603,"30.035875,-95.349411",5025,269,38
1760372548,2025-10-13T16:22:28Z,DAL603,"30.037832,-95.347649",5125,269,38
1760372551,2025-10-13T16:22:31Z,DAL603,"30.040205,-95.345505",5250,269,38
1760372564,2025-10-13T16:22:44Z,DAL603,"30.053467,-95.333542",5775,275,37
1760372578,2025-10-13T16:22:58Z,DAL603,"30.066973,-95.321556",6475,270,37
1760372591,2025-10-13T16:23:11Z,DAL603,"30.080427,-95.309692",7025,275,37
1760372605,2025-10-13T16:23:25Z,DAL603,"30.094711,-95.297028",7600,276,37
1760372618,2025-10-13T16:23:38Z,DAL603,"30.108032,-95.285286",8075,279,37
1760372633,2025-10-13T16:23:53Z,DAL603,"30.123367,-95.271873",8650,281,37
1760372646,2025-10-13T16:24:06Z,DAL603,"30.137547,-95.25943",9200,281,37
1760372659,2025-10-13T16:24:19Z,DAL603,"30.15097,-95.247429",9625,285,37
1760372673,2025-10-13T16:24:33Z,DAL603,"30.165802,-95.234337",10050,290,37
1760372686,2025-10-13T16:24:46Z,DAL603,"30.17977,-95.222023",10325,299,37
1760372699,2025-10-13T16:24:59Z,DAL603,"30.194229,-95.209404",10600,306,37
1760372713,2025-10-13T16:25:13Z,DAL603,"30.209888,-95.195488",10850,315,37
1760372725,2025-10-13T16:25:25Z,DAL603,"30.224579,-95.182426",11100,322,37
1760372739,2025-10-13T16:25:39Z,DAL603,"30.241425,-95.16745",11325,331,37
1760372753,2025-10-13T16:25:53Z,DAL603,"30.258316,-95.152695",11550,340,36
1760372768,2025-10-13T16:26:08Z,DAL603,"30.278227,-95.135559",11775,350,36
1760372781,2025-10-13T16:26:21Z,DAL603,"30.294571,-95.121353",12000,355,37
1760372813,2025-10-13T16:26:53Z,DAL603,"30.337395,-95.083595",12875,359,37
1760372844,2025-10-13T16:27:24Z,DAL603,"30.378593,-95.047173",13675,363,37
1760372875,2025-10-13T16:27:55Z,DAL603,"30.420164,-95.010368",14400,369,37
1760372908,2025-10-13T16:28:28Z,DAL603,"30.464264,-94.97126",15275,370,37
1760372939,2025-10-13T16:28:59Z,DAL603,"30.507431,-94.932968",15925,377,37
1760372970,2025-10-13T16:29:30Z,DAL603,"30.551056,-94.894356",16625,382,36
1760373001,2025-10-13T16:30:01Z,DAL603,"30.596785,-94.859146",17275,386,33
1760373034,2025-10-13T16:30:34Z,DAL603,"30.645584,-94.821869",17975,389,33
1760373065,2025-10-13T16:31:05Z,DAL603,"30.693287,-94.784988",18550,395,33
1760373098,2025-10-13T16:31:38Z,DAL603,"30.743408,-94.746254",19250,397,33
1760373131,2025-10-13T16:32:11Z,DAL603,"30.794724,-94.706543",19925,399,33
1760373162,2025-10-13T16:32:42Z,DAL603,"30.842581,-94.669571",20425,401,33
1760373195,2025-10-13T16:33:15Z,DAL603,"30.893143,-94.630417",20900,405,33
1760373226,2025-10-13T16:33:46Z,DAL603,"30.942156,-94.592506",21325,407,33
1760373257,2025-10-13T16:34:17Z,DAL603,"30.991362,-94.554276",21675,411,33
1760373288,2025-10-13T16:34:48Z,DAL603,"31.040939,-94.515823",22050,412,33
1760373320,2025-10-13T16:35:20Z,DAL603,"31.090851,-94.477142",22475,414,33
1760373351,2025-10-13T16:35:51Z,DAL603,"31.141663,-94.437614",22825,420,33
1760373382,2025-10-13T16:36:22Z,DAL603,"31.192062,-94.39846",23250,423,33
1760373414,2025-10-13T16:36:54Z,DAL603,"31.242783,-94.358879",23700,426,33
1760373445,2025-10-13T16:37:25Z,DAL603,"31.295059,-94.318054",24125,428,33
1760373478,2025-10-13T16:37:58Z,DAL603,"31.348801,-94.276001",24600,428,33
1760373510,2025-10-13T16:38:30Z,DAL603,"31.401993,-94.233665",25100,429,37
1760373541,2025-10-13T16:39:01Z,DAL603,"31.448135,-94.185303",25500,432,43
1760373572,2025-10-13T16:39:32Z,DAL603,"31.493546,-94.13533",25875,436,43
1760373604,2025-10-13T16:40:04Z,DAL603,"31.540537,-94.083344",26250,439,43
1760373635,2025-10-13T16:40:35Z,DAL603,"31.586252,-94.032532",26725,440,43
1760373668,2025-10-13T16:41:08Z,DAL603,"31.634766,-93.978508",27075,444,43
1760373699,2025-10-13T16:41:39Z,DAL603,"31.681091,-93.92675",27500,447,43
1760373732,2025-10-13T16:42:12Z,DAL603,"31.730255,-93.871712",27925,449,43
1760373764,2025-10-13T16:42:44Z,DAL603,"31.779831,-93.816101",28325,454,43
1760373795,2025-10-13T16:43:15Z,DAL603,"31.826752,-93.763474",28700,456,43
1760373827,2025-10-13T16:43:47Z,DAL603,"31.874411,-93.709846",29175,454,43
1760373857,2025-10-13T16:44:17Z,DAL603,"31.921103,-93.657211",29550,454,43
1760373889,2025-10-13T16:44:49Z,DAL603,"31.968658,-93.603569",29900,455,43
1760373922,2025-10-13T16:45:22Z,DAL603,"32.019379,-93.546219",30275,455,43
1760373953,2025-10-13T16:45:53Z,DAL603,"32.066299,-93.493095",30625,454,43
1760373986,2025-10-13T16:46:26Z,DAL603,"32.115875,-93.436852",30950,455,43
1760374016,2025-10-13T16:46:56Z,DAL603,"32.162247,-93.384232",31350,453,43
1760374049,2025-10-13T16:47:29Z,DAL603,"32.211262,-93.328522",31750,452,44
1760374081,2025-10-13T16:48:01Z,DAL603,"32.260887,-93.271912",32125,451,44
1760374112,2025-10-13T16:48:32Z,DAL603,"32.306534,-93.219872",32575,448,44
1760374143,2025-10-13T16:49:03Z,DAL603,"32.352264,-93.16758",32925,446,44
1760374174,2025-10-13T16:49:34Z,DAL603,"32.398865,-93.114296",33250,446,44
1760374207,2025-10-13T16:50:07Z,DAL603,"32.447468,-93.058571",33500,448,44
1760374240,2025-10-13T16:50:40Z,DAL603,"32.496254,-93.002571",33775,448,44
1760374271,2025-10-13T16:51:11Z,DAL603,"32.543041,-92.948822",33975,449,44
1760374303,2025-10-13T16:51:43Z,DAL603,"32.589314,-92.895515",34200,451,44
1760374333,2025-10-13T16:52:13Z,DAL603,"32.635075,-92.842712",34450,451,44
1760374366,2025-10-13T16:52:46Z,DAL603,"32.683685,-92.786575",34725,450,44
1760374396,2025-10-13T16:53:16Z,DAL603,"32.729527,-92.733582",35025,446,44
1760374428,2025-10-13T16:53:48Z,DAL603,"32.776703,-92.678909",34975,446,44
1760374459,2025-10-13T16:54:19Z,DAL603,"32.822166,-92.626183",35000,444,44
1760374491,2025-10-13T16:54:51Z,DAL603,"32.869354,-92.571404",35000,444,44
1760374522,2025-10-13T16:55:22Z,DAL603,"32.915413,-92.51783",34975,445,44
1760374554,2025-10-13T16:55:54Z,DAL603,"32.962601,-92.462914",35000,444,44
1760374586,2025-10-13T16:56:26Z,DAL603,"33.009541,-92.408302",35000,445,44
1760374618,2025-10-13T16:56:58Z,DAL603,"33.056324,-92.353706",35000,445,44
1760374649,2025-10-13T16:57:29Z,DAL603,"33.10199,-92.300262",35000,444,44
1760374680,2025-10-13T16:58:00Z,DAL603,"33.146774,-92.247826",35000,445,44
1760374712,2025-10-13T16:58:32Z,DAL603,"33.194458,-92.191879",35000,445,44
1760374744,2025-10-13T16:59:04Z,DAL603,"33.24115,-92.137009",35000,446,44
1760374775,2025-10-13T16:59:35Z,DAL603,"33.287411,-92.082466",35000,446,44
1760374808,2025-10-13T17:00:08Z,DAL603,"33.334427,-92.027031",35000,447,44
1760374839,2025-10-13T17:00:39Z,DAL603,"33.380447,-91.972702",35000,446,44
1760374870,2025-10-13T17:01:10Z,DAL603,"33.426323,-91.918404",35000,445,44
1760374903,2025-10-13T17:01:43Z,DAL603,"33.473946,-91.861961",34975,444,44
1760374935,2025-10-13T17:02:15Z,DAL603,"33.519836,-91.807526",35000,443,44
1760374966,2025-10-13T17:02:46Z,DAL603,"33.565048,-91.753754",35000,443,44
1760374996,2025-10-13T17:03:16Z,DAL603,"33.609272,-91.701111",35000,443,44
1760375027,2025-10-13T17:03:47Z,DAL603,"33.655266,-91.646233",34975,444,45
1760375059,2025-10-13T17:04:19Z,DAL603,"33.70219,-91.59021",35000,444,45
1760375090,2025-10-13T17:04:50Z,DAL603,"33.746742,-91.53688",35000,445,45
1760375121,2025-10-13T17:05:21Z,DAL603,"33.791618,-91.483093",34975,445,45
1760375152,2025-10-13T17:05:52Z,DAL603,"33.83725,-91.428337",35000,445,45
1760375183,2025-10-13T17:06:23Z,DAL603,"33.881695,-91.374893",35000,446,45
1760375216,2025-10-13T17:06:56Z,DAL603,"33.929783,-91.317047",35000,446,45
1760375246,2025-10-13T17:07:26Z,DAL603,"33.973495,-91.264282",35000,446,45
1760375279,2025-10-13T17:07:59Z,DAL603,"34.021587,-91.206146",35000,445,45
1760375312,2025-10-13T17:08:32Z,DAL603,"34.069859,-91.147781",35000,445,45
1760375344,2025-10-13T17:09:04Z,DAL603,"34.116989,-91.090675",35000,444,45
1760375375,2025-10-13T17:09:35Z,DAL603,"34.160431,-91.037987",35000,443,45
1760375408,2025-10-13T17:10:08Z,DAL603,"34.208633,-90.979355",34975,443,45
1760375438,2025-10-13T17:10:38Z,DAL603,"34.25267,-90.925713",35000,444,45
1760375471,2025-10-13T17:11:11Z,DAL603,"34.299408,-90.868652",35000,445,45
1760375502,2025-10-13T17:11:42Z,DAL603,"34.344131,-90.813995",35000,447,45
1760375533,2025-10-13T17:12:13Z,DAL603,"34.389633,-90.758339",34975,449,45
1760375565,2025-10-13T17:12:45Z,DAL603,"34.436417,-90.700996",35000,451,45
1760375595,2025-10-13T17:13:15Z,DAL603,"34.480362,-90.647018",35000,450,45
1760375628,2025-10-13T17:13:48Z,DAL603,"34.528519,-90.587822",34975,449,45
1760375659,2025-10-13T17:14:19Z,DAL603,"34.573788,-90.532036",35000,448,45
1760375691,2025-10-13T17:14:51Z,DAL603,"34.620438,-90.474487",35000,449,45
1760375724,2025-10-13T17:15:24Z,DAL603,"34.668198,-90.415421",35000,447,45
1760375756,2025-10-13T17:15:56Z,DAL603,"34.71484,-90.357681",35000,447,45
1760375787,2025-10-13T17:16:27Z,DAL603,"34.759346,-90.302467",35000,446,45
1760375820,2025-10-13T17:17:00Z,DAL603,"34.806412,-90.244049",34975,445,45
1760375850,2025-10-13T17:17:30Z,DAL603,"34.849888,-90.189911",35000,445,45
1760375882,2025-10-13T17:18:02Z,DAL603,"34.896652,-90.131615",35000,444,45
1760375915,2025-10-13T17:18:35Z,DAL603,"34.943321,-90.073357",35000,444,45
1760375947,2025-10-13T17:19:07Z,DAL603,"34.989349,-90.015747",34975,444,45
1760375979,2025-10-13T17:19:39Z,DAL603,"35.038567,-89.96286",35000,440,36
1760376011,2025-10-13T17:20:11Z,DAL603,"35.091248,-89.915413",35000,442,36
1760376043,2025-10-13T17:20:43Z,DAL603,"35.14452,-89.867706",35000,442,36
1760376075,2025-10-13T17:21:15Z,DAL603,"35.197723,-89.819901",35000,442,36
1760376107,2025-10-13T17:21:47Z,DAL603,"35.250286,-89.772621",35000,442,36
1760376140,2025-10-13T17:22:20Z,DAL603,"35.302704,-89.725456",34975,442,36
1760376170,2025-10-13T17:22:50Z,DAL603,"35.353447,-89.679642",35000,442,36
1760376203,2025-10-13T17:23:23Z,DAL603,"35.406563,-89.631721",35000,443,36
1760376235,2025-10-13T17:23:55Z,DAL603,"35.460003,-89.583282",35000,444,36
1760376268,2025-10-13T17:24:28Z,DAL603,"35.515167,-89.533318",35000,444,36
1760376299,2025-10-13T17:24:59Z,DAL603,"35.566376,-89.486801",35000,444,36
1760376331,2025-10-13T17:25:31Z,DAL603,"35.618088,-89.439758",35000,444,36
1760376363,2025-10-13T17:26:03Z,DAL603,"35.670685,-89.391922",35000,446,36
1760376395,2025-10-13T17:26:35Z,DAL603,"35.724289,-89.342995",35000,445,36
1760376428,2025-10-13T17:27:08Z,DAL603,"35.7789,-89.293045",35000,446,36
1760376460,2025-10-13T17:27:40Z,DAL603,"35.832001,-89.2444",35000,445,36
1760376492,2025-10-13T17:28:12Z,DAL603,"35.885258,-89.195602",35000,445,36
1760376523,2025-10-13T17:28:43Z,DAL603,"35.93642,-89.148621",35000,444,36
1760376555,2025-10-13T17:29:15Z,DAL603,"35.989628,-89.099648",35000,442,36
1760376587,2025-10-13T17:29:47Z,DAL603,"36.041107,-89.052139",35000,441,36
1760376619,2025-10-13T17:30:19Z,DAL603,"36.09375,-89.003563",35000,441,36
1760376651,2025-10-13T17:30:51Z,DAL603,"36.146439,-88.954811",35000,442,36
1760376683,2025-10-13T17:31:23Z,DAL603,"36.198853,-88.906235",35000,444,37
1760376715,2025-10-13T17:31:55Z,DAL603,"36.251579,-88.857246",35000,444,37
1760376747,2025-10-13T17:32:27Z,DAL603,"36.303726,-88.808784",35000,444,37
1760376779,2025-10-13T17:32:59Z,DAL603,"36.356323,-88.759804",35000,443,37
1760376811,2025-10-13T17:33:31Z,DAL603,"36.40855,-88.711037",35000,442,37
1760376843,2025-10-13T17:34:03Z,DAL603,"36.461155,-88.661827",35000,441,37
1760376876,2025-10-13T17:34:36Z,DAL603,"36.513794,-88.612518",35000,441,37
1760376906,2025-10-13T17:35:06Z,DAL603,"36.564457,-88.564995",35000,441,37
1760376940,2025-10-13T17:35:40Z,DAL603,"36.619034,-88.513756",35000,441,37
1760376973,2025-10-13T17:36:13Z,DAL603,"36.67218,-88.463684",35000,442,37
1760377004,2025-10-13T17:36:44Z,DAL603,"36.722919,-88.41581",35000,443,37
1760377035,2025-10-13T17:37:15Z,DAL603,"36.773071,-88.368469",35000,443,37
1760377067,2025-10-13T17:37:47Z,DAL603,"36.825565,-88.318802",35000,443,37
1760377099,2025-10-13T17:38:19Z,DAL603,"36.879364,-88.267784",35000,445,37
1760377131,2025-10-13T17:38:51Z,DAL603,"36.931458,-88.218346",35000,445,37
1760377163,2025-10-13T17:39:23Z,DAL603,"36.982498,-88.169724",35000,445,37
1760377195,2025-10-13T17:39:55Z,DAL603,"37.035099,-88.119606",35000,445,37
1760377225,2025-10-13T17:40:25Z,DAL603,"37.08556,-88.071419",35000,445,37
1760377257,2025-10-13T17:40:57Z,DAL603,"37.138138,-88.021172",34975,445,37
1760377289,2025-10-13T17:41:29Z,DAL603,"37.190506,-87.970978",35000,445,37
1760377320,2025-10-13T17:42:00Z,DAL603,"37.242096,-87.92347",34975,440,33
1760377352,2025-10-13T17:42:32Z,DAL603,"37.296116,-87.879936",35000,440,32
1760377384,2025-10-13T17:43:04Z,DAL603,"37.350491,-87.83683",35000,440,32
1760377416,2025-10-13T17:43:36Z,DAL603,"37.405655,-87.793037",35000,439,32
1760377448,2025-10-13T17:44:08Z,DAL603,"37.459747,-87.750069",35000,439,32
1760377479,2025-10-13T17:44:39Z,DAL603,"37.514145,-87.706894",35000,438,32
1760377511,2025-10-13T17:45:11Z,DAL603,"37.569031,-87.663475",35000,438,32
1760377543,2025-10-13T17:45:43Z,DAL603,"37.624172,-87.620026",35000,438,32
1760377574,2025-10-13T17:46:14Z,DAL603,"37.674587,-87.574112",35000,445,42
1760377576,2025-10-13T17:46:16Z,DAL603,"37.677891,-87.570168",35000,446,44
1760377578,2025-10-13T17:46:18Z,DAL603,"37.680824,-87.566528",35000,447,45
1760377580,2025-10-13T17:46:20Z,DAL603,"37.683758,-87.562767",35000,448,45
1760377582,2025-10-13T17:46:22Z,DAL603,"37.686768,-87.558876",34975,448,46
1760377584,2025-10-13T17:46:24Z,DAL603,"37.690475,-87.553909",34975,449,46
1760377587,2025-10-13T17:46:27Z,DAL603,"37.693161,-87.550285",35000,448,46
1760377589,2025-10-13T17:46:29Z,DAL603,"37.696152,-87.54631",35000,449,46
1760377591,2025-10-13T17:46:31Z,DAL603,"37.69899,-87.54245",34975,448,47
1760377623,2025-10-13T17:47:03Z,DAL603,"37.744995,-87.47905",34975,448,47
1760377656,2025-10-13T17:47:36Z,DAL603,"37.790455,-87.416122",35000,448,47
1760377687,2025-10-13T17:48:07Z,DAL603,"37.833893,-87.355858",35000,449,47
1760377719,2025-10-13T17:48:39Z,DAL603,"37.879044,-87.293007",35000,450,47
1760377750,2025-10-13T17:49:10Z,DAL603,"37.921967,-87.233139",35000,451,47
1760377782,2025-10-13T17:49:42Z,DAL603,"37.966782,-87.170494",35000,452,47
1760377814,2025-10-13T17:50:14Z,DAL603,"38.012138,-87.106956",35000,453,48
1760377846,2025-10-13T17:50:46Z,DAL603,"38.057144,-87.043739",35000,453,48
1760377878,2025-10-13T17:51:18Z,DAL603,"38.100399,-86.98288",35000,451,48
1760377910,2025-10-13T17:51:50Z,DAL603,"38.145813,-86.918861",35000,451,48
1760377942,2025-10-13T17:52:22Z,DAL603,"38.19006,-86.856476",34975,451,48
1760377973,2025-10-13T17:52:53Z,DAL603,"38.234436,-86.793625",35000,450,48
1760378006,2025-10-13T17:53:26Z,DAL603,"38.279533,-86.72966",35000,449,48
1760378036,2025-10-13T17:53:56Z,DAL603,"38.320908,-86.670853",35000,449,48
1760378068,2025-10-13T17:54:28Z,DAL603,"38.365128,-86.60791",35000,449,48
1760378099,2025-10-13T17:54:59Z,DAL603,"38.408901,-86.545517",34975,448,48
1760378131,2025-10-13T17:55:31Z,DAL603,"38.453064,-86.482346",35000,446,48
1760378164,2025-10-13T17:56:04Z,DAL603,"38.497238,-86.419113",35000,446,48
1760378196,2025-10-13T17:56:36Z,DAL603,"38.541092,-86.356178",35000,446,48
1760378228,2025-10-13T17:57:08Z,DAL603,"38.584671,-86.293549",34975,446,48
1760378258,2025-10-13T17:57:38Z,DAL603,"38.626328,-86.233543",35000,448,48
1760378290,2025-10-13T17:58:10Z,DAL603,"38.671318,-86.168579",35000,450,48
1760378322,2025-10-13T17:58:42Z,DAL603,"38.715542,-86.104675",35000,452,48
1760378353,2025-10-13T17:59:13Z,DAL603,"38.75795,-86.043213",35000,454,48
1760378386,2025-10-13T17:59:46Z,DAL603,"38.80307,-85.977631",35000,455,48
1760378418,2025-10-13T18:00:18Z,DAL603,"38.847794,-85.912552",34975,454,48
1760378450,2025-10-13T18:00:50Z,DAL603,"38.891834,-85.848328",35000,450,48
1760378481,2025-10-13T18:01:21Z,DAL603,"38.934616,-85.785828",35000,449,48
1760378513,2025-10-13T18:01:53Z,DAL603,"38.978607,-85.721436",35000,447,48
1760378544,2025-10-13T18:02:24Z,DAL603,"39.020084,-85.660645",35000,448,48
1760378576,2025-10-13T18:02:56Z,DAL603,"39.063904,-85.596214",35000,449,48
1760378608,2025-10-13T18:03:28Z,DAL603,"39.108025,-85.53125",35000,449,48
1760378640,2025-10-13T18:04:00Z,DAL603,"39.152527,-85.465576",35000,450,49
1760378672,2025-10-13T18:04:32Z,DAL603,"39.195831,-85.401443",34975,450,49
1760378705,2025-10-13T18:05:05Z,DAL603,"39.240051,-85.335945",35000,450,49
1760378735,2025-10-13T18:05:35Z,DAL603,"39.281433,-85.274506",35000,448,49
1760378767,2025-10-13T18:06:07Z,DAL603,"39.324326,-85.210678",35000,448,49
1760378799,2025-10-13T18:06:39Z,DAL603,"39.368454,-85.144936",35000,447,49
1760378832,2025-10-13T18:07:12Z,DAL603,"39.412289,-85.079407",35000,446,49
1760378864,2025-10-13T18:07:44Z,DAL603,"39.454559,-85.016052",35000,446,49
1760378895,2025-10-13T18:08:15Z,DAL603,"39.497726,-84.951302",35000,446,49
1760378926,2025-10-13T18:08:46Z,DAL603,"39.53833,-84.890343",35000,445,49
1760378958,2025-10-13T18:09:18Z,DAL603,"39.582687,-84.823471",35000,447,49
1760378990,2025-10-13T18:09:50Z,DAL603,"39.625126,-84.759338",35000,448,49
1760379022,2025-10-13T18:10:22Z,DAL603,"39.668884,-84.693237",35000,449,49
1760379053,2025-10-13T18:10:53Z,DAL603,"39.710632,-84.629951",35000,450,49
1760379086,2025-10-13T18:11:26Z,DAL603,"39.754166,-84.563797",35000,451,49
1760379118,2025-10-13T18:11:58Z,DAL603,"39.798206,-84.496765",35000,451,49
1760379149,2025-10-13T18:12:29Z,DAL603,"39.840149,-84.432739",34975,451,49
1760379181,2025-10-13T18:13:01Z,DAL603,"39.883072,-84.367188",34975,449,49
1760379214,2025-10-13T18:13:34Z,DAL603,"39.928162,-84.300781",34975,444,45
1760379245,2025-10-13T18:14:05Z,DAL603,"39.97403,-84.242249",35000,441,44
1760379276,2025-10-13T18:14:36Z,DAL603,"40.01947,-84.184738",35000,439,44
1760379308,2025-10-13T18:15:08Z,DAL603,"40.066116,-84.125687",35000,439,44
1760379340,2025-10-13T18:15:40Z,DAL603,"40.112549,-84.066711",35000,439,44
1760379371,2025-10-13T18:16:11Z,DAL603,"40.157452,-84.009583",35000,439,44
1760379402,2025-10-13T18:16:42Z,DAL603,"40.202591,-83.952026",34975,439,44
1760379434,2025-10-13T18:17:14Z,DAL603,"40.248272,-83.893723",35000,438,44
1760379465,2025-10-13T18:17:45Z,DAL603,"40.29287,-83.83667",35000,438,44
1760379496,2025-10-13T18:18:16Z,DAL603,"40.33786,-83.778992",34975,438,44
1760379526,2025-10-13T18:18:46Z,DAL603,"40.382401,-83.721802",35000,437,44
1760379559,2025-10-13T18:19:19Z,DAL603,"40.429268,-83.661453",35000,437,44
1760379590,2025-10-13T18:19:50Z,DAL603,"40.474331,-83.603462",35000,438,44
1760379621,2025-10-13T18:20:21Z,DAL603,"40.519115,-83.545532",34975,439,44
1760379652,2025-10-13T18:20:52Z,DAL603,"40.564178,-83.487244",35000,440,44
1760379684,2025-10-13T18:21:24Z,DAL603,"40.610321,-83.427368",35000,441,44
1760379715,2025-10-13T18:21:55Z,DAL603,"40.655651,-83.368874",35000,439,42
1760379728,2025-10-13T18:22:08Z,DAL603,"40.676422,-83.347839",34975,427,33
1760379731,2025-10-13T18:22:11Z,DAL603,"40.680405,-83.344482",35000,424,32
1760379733,2025-10-13T18:22:13Z,DAL603,"40.68428,-83.341476",34975,422,30
1760379735,2025-10-13T18:22:15Z,DAL603,"40.6875,-83.33905",34975,420,29
1760379737,2025-10-13T18:22:17Z,DAL603,"40.691776,-83.336044",34975,418,27
1760379740,2025-10-13T18:22:20Z,DAL603,"40.695374,-83.333679",34975,415,26
1760379742,2025-10-13T18:22:22Z,DAL603,"40.700062,-83.330803",34975,413,24
1760379744,2025-10-13T18:22:24Z,DAL603,"40.703384,-83.328918",34975,410,22
1760379746,2025-10-13T18:22:26Z,DAL603,"40.706348,-83.32737",34975,408,21
1760379748,2025-10-13T18:22:28Z,DAL603,"40.710388,-83.325317",34975,406,20
1760379750,2025-10-13T18:22:30Z,DAL603,"40.714645,-83.323364",34975,404,18
1760379752,2025-10-13T18:22:32Z,DAL603,"40.718216,-83.321899",35000,402,17
1760379755,2025-10-13T18:22:35Z,DAL603,"40.722794,-83.320007",34975,401,16
1760379757,2025-10-13T18:22:37Z,DAL603,"40.725853,-83.318878",34975,400,16
1760379759,2025-10-13T18:22:39Z,DAL603,"40.729717,-83.317375",34975,398,15
1760379761,2025-10-13T18:22:41Z,DAL603,"40.734192,-83.315735",35000,398,15
1760379764,2025-10-13T18:22:44Z,DAL603,"40.737537,-83.314568",34975,397,15
1760379766,2025-10-13T18:22:46Z,DAL603,"40.741287,-83.313232",35000,397,15
1760379768,2025-10-13T18:22:48Z,DAL603,"40.746056,-83.311577",34975,397,14
1760379770,2025-10-13T18:22:50Z,DAL603,"40.749268,-83.310448",35000,397,14
1760379772,2025-10-13T18:22:52Z,DAL603,"40.754059,-83.308777",35000,397,14
1760379803,2025-10-13T18:23:23Z,DAL603,"40.8078,-83.290527",35000,398,14
1760379835,2025-10-13T18:23:55Z,DAL603,"40.866627,-83.270561",35000,400,14
1760379867,2025-10-13T18:24:27Z,DAL603,"40.922882,-83.251404",35000,401,14
1760379899,2025-10-13T18:24:59Z,DAL603,"40.979282,-83.23217",34975,402,14
1760379930,2025-10-13T18:25:30Z,DAL603,"41.035583,-83.212769",35000,402,14
1760379961,2025-10-13T18:26:01Z,DAL603,"41.091614,-83.19342",35000,401,14
1760379993,2025-10-13T18:26:33Z,DAL603,"41.149979,-83.173096",35000,400,14
1760380024,2025-10-13T18:27:04Z,DAL603,"41.204315,-83.154114",35000,399,14
1760380056,2025-10-13T18:27:36Z,DAL603,"41.262691,-83.133545",35000,399,14
1760380087,2025-10-13T18:28:07Z,DAL603,"41.317905,-83.114006",35000,398,14
1760380120,2025-10-13T18:28:40Z,DAL603,"41.375488,-83.093597",35000,397,15
1760380150,2025-10-13T18:29:10Z,DAL603,"41.429535,-83.074371",35000,396,15
1760380181,2025-10-13T18:29:41Z,DAL603,"41.483597,-83.055077",35000,395,15
1760380212,2025-10-13T18:30:12Z,DAL603,"41.537724,-83.032623",35000,404,24
1760380214,2025-10-13T18:30:14Z,DAL603,"41.540798,-83.030708",35000,406,25
1760380216,2025-10-13T18:30:16Z,DAL603,"41.544147,-83.028412",35000,407,27
1760380218,2025-10-13T18:30:18Z,DAL603,"41.548103,-83.025536",35000,408,29
1760380220,2025-10-13T18:30:20Z,DAL603,"41.552063,-83.022469",35000,411,30
1760380223,2025-10-13T18:30:23Z,DAL603,"41.555275,-83.019852",35000,412,32
1760380225,2025-10-13T18:30:25Z,DAL603,"41.55909,-83.016464",35000,414,33
1760380227,2025-10-13T18:30:27Z,DAL603,"41.563187,-83.012634",35000,415,35
1760380230,2025-10-13T18:30:30Z,DAL603,"41.566914,-83.008926",35000,418,37
1760380232,2025-10-13T18:30:32Z,DAL603,"41.56966,-83.00605",35000,419,38
1760380234,2025-10-13T18:30:34Z,DAL603,"41.573521,-83.001709",35000,421,40
1760380236,2025-10-13T18:30:36Z,DAL603,"41.576614,-82.998085",35000,422,41
1760380238,2025-10-13T18:30:38Z,DAL603,"41.579453,-82.99453",35000,425,43
1760380240,2025-10-13T18:30:40Z,DAL603,"41.582695,-82.990341",35000,426,44
1760380243,2025-10-13T18:30:43Z,DAL603,"41.585487,-82.986504",35000,428,46
1760380245,2025-10-13T18:30:45Z,DAL603,"41.588562,-82.982048",34975,430,47
1760380247,2025-10-13T18:30:47Z,DAL603,"41.590794,-82.978653",34975,432,48
1760380249,2025-10-13T18:30:49Z,DAL603,"41.593399,-82.974564",35000,433,50
1760380251,2025-10-13T18:30:51Z,DAL603,"41.596527,-82.969376",35000,435,51
1760380253,2025-10-13T18:30:53Z,DAL603,"41.598953,-82.965065",35000,437,53
1760380255,2025-10-13T18:30:55Z,DAL603,"41.601456,-82.960449",35000,439,54
1760380257,2025-10-13T18:30:57Z,DAL603,"41.603783,-82.955978",35000,441,56
1760380260,2025-10-13T18:31:00Z,DAL603,"41.606323,-82.950706",35000,442,57
1760380262,2025-10-13T18:31:02Z,DAL603,"41.60881,-82.945374",34975,445,59
1760380264,2025-10-13T18:31:04Z,DAL603,"41.611359,-82.939415",35000,446,60
1760380266,2025-10-13T18:31:06Z,DAL603,"41.612961,-82.935539",35000,448,61
1760380268,2025-10-13T18:31:08Z,DAL603,"41.615139,-82.929848",35000,450,63
1760380270,2025-10-13T18:31:10Z,DAL603,"41.617035,-82.924614",35000,452,64
1760380272,2025-10-13T18:31:12Z,DAL603,"41.618637,-82.919998",34975,453,65
1760380275,2025-10-13T18:31:15Z,DAL603,"41.620926,-82.912819",34975,455,67
1760380277,2025-10-13T18:31:17Z,DAL603,"41.622482,-82.907578",35000,457,68
1760380279,2025-10-13T18:31:19Z,DAL603,"41.624172,-82.901489",35000,458,69
1760380281,2025-10-13T18:31:21Z,DAL603,"41.625847,-82.895042",35000,460,71
1760380284,2025-10-13T18:31:24Z,DAL603,"41.627197,-82.88929",35000,462,72
1760380286,2025-10-13T18:31:26Z,DAL603,"41.628387,-82.883797",35000,465,74
1760380288,2025-10-13T18:31:28Z,DAL603,"41.629524,-82.877983",35000,466,75
1760380290,2025-10-13T18:31:30Z,DAL603,"41.630733,-82.871277",35000,467,77
1760380292,2025-10-13T18:31:32Z,DAL603,"41.631618,-82.865593",35000,469,78
1760380295,2025-10-13T18:31:35Z,DAL603,"41.632504,-82.859337",35000,471,79
1760380297,2025-10-13T18:31:37Z,DAL603,"41.633469,-82.851585",35000,472,81
1760380299,2025-10-13T18:31:39Z,DAL603,"41.633995,-82.846626",35000,474,82
1760380301,2025-10-13T18:31:41Z,DAL603,"41.634567,-82.839973",35000,476,83
1760380303,2025-10-13T18:31:43Z,DAL603,"41.634979,-82.834106",35000,477,85
1760380306,2025-10-13T18:31:46Z,DAL603,"41.635345,-82.826988",35000,479,86
1760380308,2025-10-13T18:31:48Z,DAL603,"41.635578,-82.820816",35000,480,87
1760380310,2025-10-13T18:31:50Z,DAL603,"41.635666,-82.814568",35000,482,89
1760380312,2025-10-13T18:31:52Z,DAL603,"41.63567,-82.808296",35000,484,90
1760380314,2025-10-13T18:31:54Z,DAL603,"41.635578,-82.801147",35000,485,91
1760380316,2025-10-13T18:31:56Z,DAL603,"41.635391,-82.795464",35000,486,92
1760380318,2025-10-13T18:31:58Z,DAL603,"41.635113,-82.789772",35000,487,94
1760380321,2025-10-13T18:32:01Z,DAL603,"41.634613,-82.782295",35000,489,95
1760380323,2025-10-13T18:32:03Z,DAL603,"41.634018,-82.775055",35000,490,96
1760380325,2025-10-13T18:32:05Z,DAL603,"41.633377,-82.769058",35000,491,97
1760380327,2025-10-13T18:32:07Z,DAL603,"41.632874,-82.764877",34975,493,99
1760380329,2025-10-13T18:32:09Z,DAL603,"41.631805,-82.756752",35000,493,100
1760380331,2025-10-13T18:32:11Z,DAL603,"41.630951,-82.751083",35000,495,101
1760380333,2025-10-13T18:32:13Z,DAL603,"41.629803,-82.744232",35000,496,102
1760380335,2025-10-13T18:32:15Z,DAL603,"41.628826,-82.738869",35000,497,104
1760380337,2025-10-13T18:32:17Z,DAL603,"41.627701,-82.733231",35000,498,105
1760380339,2025-10-13T18:32:19Z,DAL603,"41.62608,-82.725899",35000,499,106
1760380341,2025-10-13T18:32:21Z,DAL603,"41.624451,-82.719124",35000,499,107
1760380344,2025-10-13T18:32:24Z,DAL603,"41.623055,-82.71357",35000,501,109
1760380346,2025-10-13T18:32:26Z,DAL603,"41.62096,-82.706039",35000,502,110
1760380348,2025-10-13T18:32:28Z,DAL603,"41.619236,-82.700226",35000,503,111
1760380350,2025-10-13T18:32:30Z,DAL603,"41.617466,-82.694542",35000,504,113
1760380352,2025-10-13T18:32:32Z,DAL603,"41.615791,-82.68943",35000,504,114
1760380354,2025-10-13T18:32:34Z,DAL603,"41.613419,-82.682655",34975,505,115
1760380356,2025-10-13T18:32:36Z,DAL603,"41.611221,-82.676804",35000,505,116
1760380358,2025-10-13T18:32:38Z,DAL603,"41.609299,-82.671806",35000,506,117
1760380361,2025-10-13T18:32:41Z,DAL603,"41.607056,-82.666313",35000,506,119
1760380363,2025-10-13T18:32:43Z,DAL603,"41.603989,-82.659264",35000,507,120
1760380365,2025-10-13T18:32:45Z,DAL603,"41.601688,-82.654167",34975,507,121
1760380367,2025-10-13T18:32:47Z,DAL603,"41.598862,-82.648087",35000,508,121
1760380369,2025-10-13T18:32:49Z,DAL603,"41.596298,-82.642784",35000,507,122
1760380371,2025-10-13T18:32:51Z,DAL603,"41.594009,-82.638039",35000,508,123
1760380373,2025-10-13T18:32:53Z,DAL603,"41.590942,-82.631798",35000,508,123
1760380375,2025-10-13T18:32:55Z,DAL603,"41.588745,-82.627342",34975,507,123
1760380377,2025-10-13T18:32:57Z,DAL603,"41.585724,-82.621368",35000,508,123
1760380379,2025-10-13T18:32:59Z,DAL603,"41.582695,-82.615402",34975,508,123
1760380382,2025-10-13T18:33:02Z,DAL603,"41.579681,-82.609383",35000,507,124
1760380412,2025-10-13T18:33:32Z,DAL603,"41.54047,-82.532684",35000,506,124
1760380444,2025-10-13T18:34:04Z,DAL603,"41.497223,-82.448372",34975,505,124
1760380475,2025-10-13T18:34:35Z,DAL603,"41.456863,-82.370056",34975,504,124
1760380507,2025-10-13T18:35:07Z,DAL603,"41.414474,-82.288284",35000,502,124
1760380540,2025-10-13T18:35:40Z,DAL603,"41.37204,-82.206665",35000,500,124
1760380571,2025-10-13T18:36:11Z,DAL603,"41.329636,-82.12561",35000,500,124
1760380604,2025-10-13T18:36:44Z,DAL603,"41.287273,-82.04509",35000,500,124
1760380635,2025-10-13T18:37:15Z,DAL603,"41.24477,-81.964684",35000,500,124
1760380666,2025-10-13T18:37:46Z,DAL603,"41.204544,-81.888611",35000,500,124
1760380695,2025-10-13T18:38:15Z,DAL603,"41.16893,-81.813782",35000,494,116
1760380697,2025-10-13T18:38:17Z,DAL603,"41.166656,-81.80751",35000,493,115
1760380699,2025-10-13T18:38:19Z,DAL603,"41.164902,-81.802246",35000,492,113
1760380701,2025-10-13T18:38:21Z,DAL603,"41.162651,-81.795334",34975,491,112
1760380703,2025-10-13T18:38:23Z,DAL603,"41.160873,-81.78949",35000,490,111
1760380705,2025-10-13T18:38:25Z,DAL603,"41.159348,-81.784164",34975,489,110
1760380708,2025-10-13T18:38:28Z,DAL603,"41.15744,-81.7771",34975,488,109
1760380710,2025-10-13T18:38:30Z,DAL603,"41.15604,-81.771736",35000,487,108
1760380712,2025-10-13T18:38:32Z,DAL603,"41.154648,-81.765808",35000,486,107
1760380714,2025-10-13T18:38:34Z,DAL603,"41.153294,-81.759819",35000,484,106
1760380716,2025-10-13T18:38:36Z,DAL603,"41.151993,-81.753235",35000,483,104
1760380718,2025-10-13T18:38:38Z,DAL603,"41.150986,-81.748047",35000,482,103
1760380721,2025-10-13T18:38:41Z,DAL603,"41.149796,-81.74115",35000,481,102
1760380723,2025-10-13T18:38:43Z,DAL603,"41.148918,-81.735725",35000,480,101
1760380725,2025-10-13T18:38:45Z,DAL603,"41.14785,-81.728233",34975,478,100
1760380727,2025-10-13T18:38:47Z,DAL603,"41.147186,-81.722717",35000,477,98
1760380729,2025-10-13T18:38:49Z,DAL603,"41.146545,-81.71698",35000,476,97
1760380731,2025-10-13T18:38:51Z,DAL603,"41.145905,-81.710022",35000,475,96
1760380733,2025-10-13T18:38:53Z,DAL603,"41.145493,-81.704834",35000,474,95
1760380736,2025-10-13T18:38:56Z,DAL603,"41.145035,-81.697327",35000,472,94
1760380738,2025-10-13T18:38:58Z,DAL603,"41.144775,-81.691841",35000,470,93
1760380740,2025-10-13T18:39:00Z,DAL603,"41.144588,-81.684975",34975,469,91
1760380742,2025-10-13T18:39:02Z,DAL603,"41.144497,-81.67923",34975,468,90
1760380744,2025-10-13T18:39:04Z,DAL603,"41.144497,-81.673546",34975,467,89
1760380746,2025-10-13T18:39:06Z,DAL603,"41.144623,-81.667542",35000,465,88
1760380748,2025-10-13T18:39:08Z,DAL603,"41.144775,-81.662125",35000,463,87
1760380750,2025-10-13T18:39:10Z,DAL603,"41.145126,-81.65564",35000,462,85
1760380753,2025-10-13T18:39:13Z,DAL603,"41.145569,-81.648643",35000,460,84
1760380755,2025-10-13T18:39:15Z,DAL603,"41.145988,-81.643585",35000,459,83
1760380757,2025-10-13T18:39:17Z,DAL603,"41.146545,-81.638031",35000,457,82
1760380759,2025-10-13T18:39:19Z,DAL603,"41.147385,-81.630852",35000,456,81
1760380761,2025-10-13T18:39:21Z,DAL603,"41.148148,-81.625122",35000,455,79
1760380763,2025-10-13T18:39:23Z,DAL603,"41.148872,-81.619926",35000,453,78
1760380765,2025-10-13T18:39:25Z,DAL603,"41.149803,-81.613937",35000,452,78
1760380768,2025-10-13T18:39:28Z,DAL603,"41.150829,-81.608009",35000,451,77
1760380770,2025-10-13T18:39:30Z,DAL603,"41.151855,-81.601807",35000,451,77
1760380772,2025-10-13T18:39:32Z,DAL603,"41.152725,-81.596985",35000,450,76
1760380774,2025-10-13T18:39:34Z,DAL603,"41.153595,-81.592102",35000,451,76
1760380776,2025-10-13T18:39:36Z,DAL603,"41.154877,-81.584908",35000,450,76
1760380778,2025-10-13T18:39:38Z,DAL603,"41.15593,-81.579285",35000,450,76
1760380810,2025-10-13T18:40:10Z,DAL603,"41.171677,-81.494751",35000,450,76
1760380842,2025-10-13T18:40:42Z,DAL603,"41.187836,-81.408318",34975,450,76
1760380875,2025-10-13T18:41:15Z,DAL603,"41.204082,-81.320992",34975,450,76
1760380906,2025-10-13T18:41:46Z,DAL603,"41.219604,-81.237",34975,450,76
1760380938,2025-10-13T18:42:18Z,DAL603,"41.235554,-81.150322",35000,451,76
1760380969,2025-10-13T18:42:49Z,DAL603,"41.25032,-81.069885",35000,452,76
1760381001,2025-10-13T18:43:21Z,DAL603,"41.266388,-80.981934",34975,453,76
1760381032,2025-10-13T18:43:52Z,DAL603,"41.281872,-80.896706",35000,454,76
1760381064,2025-10-13T18:44:24Z,DAL603,"41.297516,-80.810059",35000,454,76
1760381096,2025-10-13T18:44:56Z,DAL603,"41.312943,-80.72406",35000,455,77
1760381116,2025-10-13T18:45:16Z,DAL603,"41.318974,-80.667236",35000,467,86
1760381119,2025-10-13T18:45:19Z,DAL603,"41.319206,-80.661499",35000,469,87
1760381121,2025-10-13T18:45:21Z,DAL603,"41.319397,-80.654297",35000,471,88
1760381123,2025-10-13T18:45:23Z,DAL603,"41.319443,-80.647339",35000,473,89
1760381125,2025-10-13T18:45:25Z,DAL603,"41.319443,-80.642639",35000,475,90
1760381127,2025-10-13T18:45:27Z,DAL603,"41.319393,-80.635406",35000,476,90
1760381129,2025-10-13T18:45:29Z,DAL603,"41.319305,-80.629822",35000,477,91
1760381132,2025-10-13T18:45:32Z,DAL603,"41.319206,-80.62429",35000,478,91
1760381134,2025-10-13T18:45:34Z,DAL603,"41.319069,-80.616615",35000,478,91
1760381166,2025-10-13T18:46:06Z,DAL603,"41.316238,-80.522217",35000,486,92
1760381198,2025-10-13T18:46:38Z,DAL603,"41.31311,-80.425911",35000,485,92
1760381230,2025-10-13T18:47:10Z,DAL603,"41.310036,-80.332222",34975,483,92
1760381260,2025-10-13T18:47:40Z,DAL603,"41.307056,-80.243515",34975,482,92
1760381293,2025-10-13T18:48:13Z,DAL603,"41.303658,-80.146072",35000,481,92
1760381325,2025-10-13T18:48:45Z,DAL603,"41.300167,-80.048698",35000,482,92
1760381358,2025-10-13T18:49:18Z,DAL603,"41.296646,-79.953064",35000,484,92
1760381390,2025-10-13T18:49:50Z,DAL603,"41.29303,-79.857361",35000,486,92
1760381423,2025-10-13T18:50:23Z,DAL603,"41.289276,-79.759804",35000,487,92
1760381453,2025-10-13T18:50:53Z,DAL603,"41.285706,-79.668884",35000,486,93
1760381486,2025-10-13T18:51:26Z,DAL603,"41.281872,-79.573784",35000,480,93
1760381518,2025-10-13T18:51:58Z,DAL603,"41.278061,-79.480042",34975,473,93
1760381549,2025-10-13T18:52:29Z,DAL603,"41.274307,-79.390625",35000,469,93
1760381579,2025-10-13T18:52:59Z,DAL603,"41.270607,-79.302376",34975,470,93
1760381610,2025-10-13T18:53:30Z,DAL603,"41.266708,-79.212708",35000,471,93
1760381642,2025-10-13T18:54:02Z,DAL603,"41.262741,-79.122849",35000,472,93
1760381674,2025-10-13T18:54:34Z,DAL603,"41.258503,-79.028282",35000,475,93
1760381706,2025-10-13T18:55:06Z,DAL603,"41.254269,-78.935585",35000,477,93
1760381738,2025-10-13T18:55:38Z,DAL603,"41.249908,-78.842163",35000,477,93
1760381769,2025-10-13T18:56:09Z,DAL603,"41.245609,-78.751373",35000,476,93
1760381801,2025-10-13T18:56:41Z,DAL603,"41.241028,-78.656433",34975,472,93
1760381832,2025-10-13T18:57:12Z,DAL603,"41.236763,-78.569412",34975,468,93
1760381864,2025-10-13T18:57:44Z,DAL603,"41.232246,-78.477211",34775,472,93
1760381896,2025-10-13T18:58:16Z,DAL603,"41.227592,-78.386391",33925,467,93
1760381927,2025-10-13T18:58:47Z,DAL603,"41.223125,-78.299248",33275,459,93
1760381959,2025-10-13T18:59:19Z,DAL603,"41.218468,-78.208488",32750,460,93
1760381992,2025-10-13T18:59:52Z,DAL603,"41.211227,-78.115234",32200,471,98
1760382024,2025-10-13T19:00:24Z,DAL603,"41.199829,-78.021973",31675,481,99
1760382057,2025-10-13T19:00:57Z,DAL603,"41.187931,-77.925964",31150,488,99
1760382089,2025-10-13T19:01:29Z,DAL603,"41.176208,-77.832092",30625,489,99
1760382121,2025-10-13T19:02:01Z,DAL603,"41.16428,-77.737511",30250,476,99
1760382153,2025-10-13T19:02:33Z,DAL603,"41.152725,-77.646057",29875,481,99
1760382185,2025-10-13T19:03:05Z,DAL603,"41.140633,-77.551239",29500,488,99
1760382217,2025-10-13T19:03:37Z,DAL603,"41.128716,-77.458672",29075,480,99
1760382246,2025-10-13T19:04:06Z,DAL603,"41.117683,-77.373528",28975,469,99
1760382278,2025-10-13T19:04:38Z,DAL603,"41.105999,-77.283577",29000,469,99
1760382309,2025-10-13T19:05:09Z,DAL603,"41.094543,-77.196167",29000,467,99
1760382341,2025-10-13T19:05:41Z,DAL603,"41.082642,-77.106018",28425,465,99
1760382373,2025-10-13T19:06:13Z,DAL603,"41.070805,-77.016907",27375,463,99
1760382404,2025-10-13T19:06:44Z,DAL603,"41.059307,-76.93045",26375,453,99
1760382436,2025-10-13T19:07:16Z,DAL603,"41.047989,-76.846375",25375,438,100
1760382467,2025-10-13T19:07:47Z,DAL603,"41.037094,-76.766174",24450,422,100
1760382499,2025-10-13T19:08:19Z,DAL603,"41.025833,-76.684448",23500,419,101
1760382530,2025-10-13T19:08:50Z,DAL603,"41.009403,-76.608353",22575,411,107
1760382563,2025-10-13T19:09:23Z,DAL603,"40.990997,-76.531189",21625,400,107
1760382593,2025-10-13T19:09:53Z,DAL603,"40.9743,-76.461472",20800,395,107
1760382624,2025-10-13T19:10:24Z,DAL603,"40.957405,-76.391182",19925,389,107
1760382656,2025-10-13T19:10:56Z,DAL603,"40.93959,-76.317322",19050,384,107
1760382687,2025-10-13T19:11:27Z,DAL603,"40.92305,-76.249176",18200,381,107
1760382719,2025-10-13T19:11:59Z,DAL603,"40.905685,-76.177704",17450,378,107
1760382750,2025-10-13T19:12:30Z,DAL603,"40.889763,-76.112404",16775,376,107
1760382782,2025-10-13T19:13:02Z,DAL603,"40.872028,-76.040001",16025,375,107
1760382815,2025-10-13T19:13:35Z,DAL603,"40.854988,-75.970581",15325,367,107
1760382847,2025-10-13T19:14:07Z,DAL603,"40.838058,-75.901855",14600,361,107
1760382878,2025-10-13T19:14:38Z,DAL603,"40.822495,-75.838745",13950,353,107
1760382910,2025-10-13T19:15:10Z,DAL603,"40.805923,-75.771896",13275,352,108
1760382943,2025-10-13T19:15:43Z,DAL603,"40.789536,-75.70591",12975,346,108
1760382976,2025-10-13T19:16:16Z,DAL603,"40.773422,-75.641235",13000,345,108
1760383006,2025-10-13T19:16:46Z,DAL603,"40.758255,-75.580444",13000,327,108
1760383039,2025-10-13T19:17:19Z,DAL603,"40.743851,-75.52301",13000,299,108
1760383071,2025-10-13T19:17:51Z,DAL603,"40.730087,-75.468086",13000,298,108
1760383101,2025-10-13T19:18:21Z,DAL603,"40.718918,-75.414711",13000,296,104
1760383133,2025-10-13T19:18:53Z,DAL603,"40.707962,-75.358521",13000,296,104
1760383164,2025-10-13T19:19:24Z,DAL603,"40.697083,-75.304413",13000,295,104
1760383197,2025-10-13T19:19:57Z,DAL603,"40.685852,-75.248596",13000,296,104
1760383227,2025-10-13T19:20:27Z,DAL603,"40.675018,-75.195045",13000,293,104
1760383249,2025-10-13T19:20:49Z,DAL603,"40.666126,-75.157845",12650,294,114
1760383251,2025-10-13T19:20:51Z,DAL603,"40.664841,-75.154419",12600,294,116
1760383253,2025-10-13T19:20:53Z,DAL603,"40.663658,-75.151482",12550,294,118
1760383255,2025-10-13T19:20:55Z,DAL603,"40.662125,-75.148048",12500,293,120
1760383257,2025-10-13T19:20:57Z,DAL603,"40.660446,-75.144592",12450,294,123
1760383260,2025-10-13T19:21:00Z,DAL603,"40.659004,-75.1418",12400,294,125
1760383262,2025-10-13T19:21:02Z,DAL603,"40.656967,-75.138184",12325,293,127
1760383264,2025-10-13T19:21:04Z,DAL603,"40.655273,-75.135376",12275,293,128
1760383266,2025-10-13T19:21:06Z,DAL603,"40.653397,-75.132385",12225,293,129
1760383268,2025-10-13T19:21:08Z,DAL603,"40.651428,-75.129395",12175,293,130
1760383270,2025-10-13T19:21:10Z,DAL603,"40.649643,-75.126709",12125,293,131
1760383273,2025-10-13T19:21:13Z,DAL603,"40.647675,-75.123779",12075,293,131
1760383275,2025-10-13T19:21:15Z,DAL603,"40.645111,-75.120056",12000,293,131
1760383277,2025-10-13T19:21:17Z,DAL603,"40.643326,-75.117371",11950,292,132
1760383279,2025-10-13T19:21:19Z,DAL603,"40.641594,-75.114899",11900,293,132
1760383281,2025-10-13T19:21:21Z,DAL603,"40.639297,-75.111572",11825,292,132
1760383284,2025-10-13T19:21:24Z,DAL603,"40.637589,-75.109093",11800,292,132
1760383286,2025-10-13T19:21:26Z,DAL603,"40.635727,-75.106468",11750,291,132
1760383298,2025-10-13T19:21:38Z,DAL603,"40.624088,-75.089867",11450,289,132
1760383311,2025-10-13T19:21:51Z,DAL603,"40.61261,-75.073486",11125,288,132
1760383326,2025-10-13T19:22:06Z,DAL603,"40.599323,-75.054535",10800,288,132
1760383339,2025-10-13T19:22:19Z,DAL603,"40.58778,-75.038116",10500,287,132
1760383351,2025-10-13T19:22:31Z,DAL603,"40.576466,-75.021019",10200,286,127
1760383358,2025-10-13T19:22:38Z,DAL603,"40.571732,-75.012024",10075,284,122
1760383360,2025-10-13T19:22:40Z,DAL603,"40.570183,-75.008591",10050,284,120
1760383362,2025-10-13T19:22:42Z,DAL603,"40.568848,-75.005432",10025,284,118
1760383364,2025-10-13T19:22:44Z,DAL603,"40.567612,-75.00238",10025,284,116
1760383366,2025-10-13T19:22:46Z,DAL603,"40.566238,-74.998657",10000,283,115
1760383368,2025-10-13T19:22:48Z,DAL603,"40.565186,-74.995483",10000,283,114
1760383370,2025-10-13T19:22:50Z,DAL603,"40.564087,-74.99231",9975,283,113
1760383373,2025-10-13T19:22:53Z,DAL603,"40.562851,-74.988525",9975,283,113
1760383375,2025-10-13T19:22:55Z,DAL603,"40.561802,-74.985184",9975,283,112
1760383377,2025-10-13T19:22:57Z,DAL603,"40.560974,-74.982483",9975,283,112
1760383379,2025-10-13T19:22:59Z,DAL603,"40.559784,-74.978638",9975,283,112
1760383381,2025-10-13T19:23:01Z,DAL603,"40.558777,-74.975464",9975,283,111
1760383383,2025-10-13T19:23:03Z,DAL603,"40.557846,-74.97245",9975,284,111
1760383386,2025-10-13T19:23:06Z,DAL603,"40.556534,-74.968079",10000,284,111
1760383388,2025-10-13T19:23:08Z,DAL603,"40.555611,-74.965088",10000,284,111
1760383401,2025-10-13T19:23:21Z,DAL603,"40.549419,-74.944611",10000,278,111
1760383413,2025-10-13T19:23:33Z,DAL603,"40.543552,-74.92495",10000,266,111
1760383426,2025-10-13T19:23:46Z,DAL603,"40.537857,-74.905945",10000,254,111
1760383439,2025-10-13T19:23:59Z,DAL603,"40.532364,-74.887695",10000,244,111
1760383452,2025-10-13T19:24:12Z,DAL603,"40.527168,-74.870262",10000,242,111
1760383465,2025-10-13T19:24:25Z,DAL603,"40.521999,-74.852913",10000,242,111
1760383480,2025-10-13T19:24:40Z,DAL603,"40.515717,-74.832123",10000,241,111
1760383493,2025-10-13T19:24:53Z,DAL603,"40.510502,-74.814644",10000,241,111
1760383505,2025-10-13T19:25:05Z,DAL603,"40.505081,-74.796753",10000,241,111
1760383518,2025-10-13T19:25:18Z,DAL603,"40.499889,-74.779381",10000,241,111
1760383533,2025-10-13T19:25:33Z,DAL603,"40.494164,-74.760338",10000,240,111
1760383545,2025-10-13T19:25:45Z,DAL603,"40.488556,-74.742981",10000,239,118
1760383547,2025-10-13T19:25:47Z,DAL603,"40.487366,-74.740425",10000,238,123
1760383549,2025-10-13T19:25:49Z,DAL603,"40.485874,-74.737869",10000,238,129
1760383552,2025-10-13T19:25:52Z,DAL603,"40.484386,-74.735748",10000,238,133
1760383554,2025-10-13T19:25:54Z,DAL603,"40.482803,-74.733749",10000,238,137
1760383556,2025-10-13T19:25:56Z,DAL603,"40.480431,-74.731125",10000,238,140
1760383558,2025-10-13T19:25:58Z,DAL603,"40.478943,-74.729614",9975,239,142
1760383560,2025-10-13T19:26:00Z,DAL603,"40.477077,-74.727821",9950,239,143
1760383562,2025-10-13T19:26:02Z,DAL603,"40.474777,-74.725708",9900,240,144
1760383565,2025-10-13T19:26:05Z,DAL603,"40.473312,-74.724426",9875,240,145
1760383567,2025-10-13T19:26:07Z,DAL603,"40.471069,-74.722473",9850,240,146
1760383569,2025-10-13T19:26:09Z,DAL603,"40.469238,-74.720886",9825,239,146
1760383571,2025-10-13T19:26:11Z,DAL603,"40.466995,-74.718994",9775,239,147
1760383573,2025-10-13T19:26:13Z,DAL603,"40.465206,-74.717522",9750,239,147
1760383575,2025-10-13T19:26:15Z,DAL603,"40.462788,-74.715462",9700,238,147
1760383577,2025-10-13T19:26:17Z,DAL603,"40.460922,-74.713959",9675,237,147
1760383579,2025-10-13T19:26:19Z,DAL603,"40.459061,-74.712402",9625,236,147
1760383581,2025-10-13T19:26:21Z,DAL603,"40.457108,-74.710815",9600,235,147
1760383584,2025-10-13T19:26:24Z,DAL603,"40.455093,-74.709167",9550,235,147
1760383596,2025-10-13T19:26:36Z,DAL603,"40.443787,-74.699829",9350,230,147
1760383609,2025-10-13T19:26:49Z,DAL603,"40.432159,-74.690308",9125,225,148
1760383622,2025-10-13T19:27:02Z,DAL603,"40.420944,-74.681152",9000,220,147
1760383636,2025-10-13T19:27:16Z,DAL603,"40.40863,-74.671143",8975,220,147
1760383651,2025-10-13T19:27:31Z,DAL603,"40.396133,-74.66095",9000,221,148
1760383666,2025-10-13T19:27:46Z,DAL603,"40.383179,-74.650391",9000,223,148
1760383678,2025-10-13T19:27:58Z,DAL603,"40.372147,-74.641479",9000,221,148
1760383691,2025-10-13T19:28:11Z,DAL603,"40.361069,-74.63269",9000,221,148
1760383706,2025-10-13T19:28:26Z,DAL603,"40.347523,-74.621826",9000,221,148
1760383720,2025-10-13T19:28:40Z,DAL603,"40.33514,-74.611839",9000,220,148
1760383733,2025-10-13T19:28:53Z,DAL603,"40.32431,-74.60321",9000,219,148
1760383746,2025-10-13T19:29:06Z,DAL603,"40.312981,-74.59417",9000,219,148
1760383761,2025-10-13T19:29:21Z,DAL603,"40.299866,-74.58374",9000,220,148
1760383769,2025-10-13T19:29:29Z,DAL603,"40.293148,-74.577507",9000,219,138
1760383771,2025-10-13T19:29:31Z,DAL603,"40.291241,-74.575134",9000,219,135
1760383774,2025-10-13T19:29:34Z,DAL603,"40.289886,-74.573303",9000,219,133
1760383776,2025-10-13T19:29:36Z,DAL603,"40.288376,-74.571167",9000,218,131
1760383778,2025-10-13T19:29:38Z,DAL603,"40.287048,-74.569153",9000,219,130
1760383780,2025-10-13T19:29:40Z,DAL603,"40.285629,-74.566895",9000,218,129
1760383782,2025-10-13T19:29:42Z,DAL603,"40.284348,-74.564819",9000,219,128
1760383784,2025-10-13T19:29:44Z,DAL603,"40.283188,-74.562836",9000,219,128
1760383786,2025-10-13T19:29:46Z,DAL603,"40.281929,-74.560776",9000,218,128
1760383788,2025-10-13T19:29:48Z,DAL603,"40.280441,-74.558281",9000,218,127
1760383790,2025-10-13T19:29:50Z,DAL603,"40.279129,-74.556091",9000,218,127
1760383792,2025-10-13T19:29:52Z,DAL603,"40.277802,-74.553772",9000,217,127
1760383794,2025-10-13T19:29:54Z,DAL603,"40.276623,-74.551788",9000,217,127
1760383797,2025-10-13T19:29:57Z,DAL603,"40.275272,-74.549477",9000,217,127
1760383799,2025-10-13T19:29:59Z,DAL603,"40.274063,-74.547356",9000,217,127
1760383811,2025-10-13T19:30:11Z,DAL603,"40.266384,-74.534119",9000,218,126
1760383822,2025-10-13T19:30:22Z,DAL603,"40.260361,-74.522339",9000,220,116
1760383824,2025-10-13T19:30:24Z,DAL603,"40.259399,-74.519264",9000,220,109
1760383826,2025-10-13T19:30:26Z,DAL603,"40.258888,-74.516953",9000,222,104
1760383829,2025-10-13T19:30:29Z,DAL603,"40.258438,-74.513611",9000,222,99
1760383831,2025-10-13T19:30:31Z,DAL603,"40.258282,-74.510773",9000,224,92
1760383833,2025-10-13T19:30:33Z,DAL603,"40.258347,-74.508179",9000,226,86
1760383835,2025-10-13T19:30:35Z,DAL603,"40.25861,-74.505592",9000,227,81
1760383837,2025-10-13T19:30:37Z,DAL603,"40.259216,-74.502197",9000,229,74
1760383839,2025-10-13T19:30:39Z,DAL603,"40.259857,-74.499573",9000,231,71
1760383841,2025-10-13T19:30:41Z,DAL603,"40.26059,-74.496948",9000,233,68
1760383843,2025-10-13T19:30:43Z,DAL603,"40.261414,-74.494324",9000,233,66
1760383845,2025-10-13T19:30:45Z,DAL603,"40.262238,-74.491859",9000,234,65
1760383847,2025-10-13T19:30:47Z,DAL603,"40.263336,-74.488953",9000,233,64
1760383849,2025-10-13T19:30:49Z,DAL603,"40.26424,-74.486557",9000,233,63
1760383851,2025-10-13T19:30:51Z,DAL603,"40.26535,-74.483643",9000,233,62
1760383854,2025-10-13T19:30:54Z,DAL603,"40.266521,-74.480751",9000,233,62
1760383856,2025-10-13T19:30:56Z,DAL603,"40.267593,-74.478004",9000,233,62
1760383858,2025-10-13T19:30:58Z,DAL603,"40.268555,-74.475647",9000,232,62
1760383860,2025-10-13T19:31:00Z,DAL603,"40.269379,-74.473694",9000,232,62
1760383862,2025-10-13T19:31:02Z,DAL603,"40.270664,-74.470573",9000,232,61
1760383864,2025-10-13T19:31:04Z,DAL603,"40.271622,-74.468201",9000,231,61
1760383867,2025-10-13T19:31:07Z,DAL603,"40.2729,-74.465141",9000,231,61
1760383869,2025-10-13T19:31:09Z,DAL603,"40.273865,-74.462769",9000,233,61
1760383881,2025-10-13T19:31:21Z,DAL603,"40.280441,-74.447044",9000,234,59
1760383894,2025-10-13T19:31:34Z,DAL603,"40.288239,-74.430969",8875,237,56
1760383907,2025-10-13T19:31:47Z,DAL603,"40.295757,-74.416016",8600,235,56
1760383921,2025-10-13T19:32:01Z,DAL603,"40.304276,-74.399414",8350,229,55
1760383934,2025-10-13T19:32:14Z,DAL603,"40.311859,-74.384827",8175,222,55
1760383948,2025-10-13T19:32:28Z,DAL603,"40.319962,-74.369385",8025,212,55
1760383961,2025-10-13T19:32:41Z,DAL603,"40.326946,-74.356216",7850,205,54
1760383976,2025-10-13T19:32:56Z,DAL603,"40.334793,-74.341675",7675,195,54
1760383990,2025-10-13T19:33:10Z,DAL603,"40.342308,-74.32769",7425,191,53
1760384004,2025-10-13T19:33:24Z,DAL603,"40.350357,-74.31604",7125,193,44
1760384006,2025-10-13T19:33:26Z,DAL603,"40.351574,-74.314522",7100,193,43
1760384008,2025-10-13T19:33:28Z,DAL603,"40.353058,-74.312683",7050,193,43
1760384010,2025-10-13T19:33:30Z,DAL603,"40.354321,-74.31115",7050,192,42
1760384012,2025-10-13T19:33:32Z,DAL603,"40.355713,-74.309509",7025,193,42
1760384014,2025-10-13T19:33:34Z,DAL603,"40.357113,-74.307838",7025,193,42
1760384016,2025-10-13T19:33:36Z,DAL603,"40.358505,-74.306213",7000,194,41
1760384018,2025-10-13T19:33:38Z,DAL603,"40.359833,-74.304626",7000,194,41
1760384020,2025-10-13T19:33:40Z,DAL603,"40.361115,-74.303093",7000,195,41
1760384022,2025-10-13T19:33:42Z,DAL603,"40.362747,-74.301224",6975,196,41
1760384035,2025-10-13T19:33:55Z,DAL603,"40.371124,-74.29142",6975,195,41
1760384049,2025-10-13T19:34:09Z,DAL603,"40.38076,-74.280251",7000,196,41
1760384062,2025-10-13T19:34:22Z,DAL603,"40.389633,-74.269958",7000,199,41
1760384077,2025-10-13T19:34:37Z,DAL603,"40.399895,-74.258026",7000,199,41
1760384092,2025-10-13T19:34:52Z,DAL603,"40.409809,-74.246483",7000,197,41
1760384104,2025-10-13T19:35:04Z,DAL603,"40.418747,-74.236084",7000,196,41
1760384117,2025-10-13T19:35:17Z,DAL603,"40.427261,-74.226196",7000,195,41
1760384131,2025-10-13T19:35:31Z,DAL603,"40.436905,-74.214958",7000,195,41
1760384144,2025-10-13T19:35:44Z,DAL603,"40.445515,-74.204842",7000,194,41
1760384159,2025-10-13T19:35:59Z,DAL603,"40.455505,-74.193115",6900,194,41
1760384173,2025-10-13T19:36:13Z,DAL603,"40.464973,-74.181938",6750,193,43
1760384188,2025-10-13T19:36:28Z,DAL603,"40.47419,-74.16951",6525,192,48
1760384202,2025-10-13T19:36:42Z,DAL603,"40.482571,-74.156593",6300,190,50
1760384215,2025-10-13T19:36:55Z,DAL603,"40.4897,-74.145386",6125,189,50
1760384230,2025-10-13T19:37:10Z,DAL603,"40.4977,-74.132744",5900,188,50
1760384242,2025-10-13T19:37:22Z,DAL603,"40.504684,-74.121384",5725,188,51
1760384255,2025-10-13T19:37:35Z,DAL603,"40.511536,-74.109741",5525,187,52
1760384268,2025-10-13T19:37:48Z,DAL603,"40.518311,-74.09845",5350,188,50
1760384282,2025-10-13T19:38:02Z,DAL603,"40.527073,-74.086365",5125,191,42
1760384284,2025-10-13T19:38:04Z,DAL603,"40.52861,-74.084595",5100,191,41
1760384286,2025-10-13T19:38:06Z,DAL603,"40.529915,-74.083183",5075,191,39
1760384289,2025-10-13T19:38:09Z,DAL603,"40.531265,-74.081749",5025,192,38
1760384291,2025-10-13T19:38:11Z,DAL603,"40.532661,-74.080315",5000,191,37
1760384293,2025-10-13T19:38:13Z,DAL603,"40.534245,-74.078751",4975,192,36
1760384295,2025-10-13T19:38:15Z,DAL603,"40.535828,-74.077255",4925,192,35
1760384297,2025-10-13T19:38:17Z,DAL603,"40.537594,-74.07563",4900,192,34
1760384299,2025-10-13T19:38:19Z,DAL603,"40.539001,-74.074402",4875,193,34
1760384301,2025-10-13T19:38:21Z,DAL603,"40.540573,-74.073006",4825,192,33
1760384303,2025-10-13T19:38:23Z,DAL603,"40.542114,-74.071655",4800,192,33
1760384305,2025-10-13T19:38:25Z,DAL603,"40.543552,-74.07045",4750,192,33
1760384307,2025-10-13T19:38:27Z,DAL603,"40.545044,-74.069199",4725,191,32
1760384310,2025-10-13T19:38:30Z,DAL603,"40.546673,-74.067825",4700,191,32
1760384312,2025-10-13T19:38:32Z,DAL603,"40.548302,-74.066452",4650,191,32
1760384314,2025-10-13T19:38:34Z,DAL603,"40.549713,-74.065247",4625,191,32
1760384316,2025-10-13T19:38:36Z,DAL603,"40.551224,-74.064026",4600,191,32
1760384318,2025-10-13T19:38:38Z,DAL603,"40.552773,-74.062706",4575,189,32
1760384320,2025-10-13T19:38:40Z,DAL603,"40.55426,-74.061462",4550,189,32
1760384328,2025-10-13T19:38:48Z,DAL603,"40.56078,-74.056091",4400,187,32
1760384337,2025-10-13T19:38:57Z,DAL603,"40.566879,-74.051086",4275,185,32
1760384343,2025-10-13T19:39:03Z,DAL603,"40.571438,-74.047287",4175,182,32
1760384347,2025-10-13T19:39:07Z,DAL603,"40.574249,-74.045044",4125,182,31
1760384349,2025-10-13T19:39:09Z,DAL603,"40.576046,-74.043541",4075,182,32
1760384351,2025-10-13T19:39:11Z,DAL603,"40.577408,-74.042419",4050,181,31
1760384353,2025-10-13T19:39:13Z,DAL603,"40.57869,-74.041382",4025,180,32
1760384355,2025-10-13T19:39:15Z,DAL603,"40.580425,-74.039925",4000,180,32
1760384358,2025-10-13T19:39:18Z,DAL603,"40.58194,-74.038696",3950,179,32
1760384360,2025-10-13T19:39:20Z,DAL603,"40.583313,-74.037537",3925,179,32
1760384362,2025-10-13T19:39:22Z,DAL603,"40.584732,-74.036377",3900,179,32
1760384364,2025-10-13T19:39:24Z,DAL603,"40.586151,-74.035217",3875,179,32
1760384366,2025-10-13T19:39:26Z,DAL603,"40.587498,-74.034119",3825,179,32
1760384368,2025-10-13T19:39:28Z,DAL603,"40.588943,-74.032959",3800,178,32
1760384376,2025-10-13T19:39:36Z,DAL603,"40.594666,-74.028198",3700,177,32
1760384384,2025-10-13T19:39:44Z,DAL603,"40.600388,-74.023499",3575,177,32
1760384391,2025-10-13T19:39:51Z,DAL603,"40.604862,-74.019821",3475,174,32
1760384399,2025-10-13T19:39:59Z,DAL603,"40.610687,-74.015015",3350,172,32
1760384408,2025-10-13T19:40:08Z,DAL603,"40.616135,-74.010559",3225,168,32
1760384414,2025-10-13T19:40:14Z,DAL603,"40.620483,-74.006958",3150,165,32
1760384422,2025-10-13T19:40:22Z,DAL603,"40.625427,-74.002869",3050,159,32
1760384430,2025-10-13T19:40:30Z,DAL603,"40.630795,-73.998474",2925,153,32
1760384439,2025-10-13T19:40:39Z,DAL603,"40.635452,-73.994568",2825,148,32
1760384447,2025-10-13T19:40:47Z,DAL603,"40.640568,-73.990364",2725,144,32
1760384455,2025-10-13T19:40:55Z,DAL603,"40.645065,-73.986572",2625,141,32
1760384463,2025-10-13T19:41:03Z,DAL603,"40.649597,-73.982849",2525,139,32
1760384472,2025-10-13T19:41:12Z,DAL603,"40.654037,-73.979187",2425,138,32
1760384480,2025-10-13T19:41:20Z,DAL603,"40.658539,-73.975441",2350,138,32
1760384488,2025-10-13T19:41:28Z,DAL603,"40.663006,-73.971756",2250,138,32
1760384497,2025-10-13T19:41:37Z,DAL603,"40.66745,-73.968079",2150,139,32
1760384503,2025-10-13T19:41:43Z,DAL603,"40.670876,-73.965263",2075,140,32
1760384511,2025-10-13T19:41:51Z,DAL603,"40.675388,-73.961586",2000,137,31
1760384519,2025-10-13T19:41:59Z,DAL603,"40.680092,-73.957779",1900,135,32
1760384528,2025-10-13T19:42:08Z,DAL603,"40.684235,-73.954346",1800,135,31
1760384530,2025-10-13T19:42:10Z,DAL603,"40.685444,-73.953407",1775,136,29
1760384536,2025-10-13T19:42:16Z,DAL603,"40.688828,-73.950928",1725,136,29
1760384544,2025-10-13T19:42:24Z,DAL603,"40.693501,-73.947479",1675,129,30
1760384546,2025-10-13T19:42:26Z,DAL603,"40.694382,-73.946724",1675,126,31
1760384548,2025-10-13T19:42:28Z,DAL603,"40.695454,-73.945854",1675,124,32
1760384551,2025-10-13T19:42:31Z,DAL603,"40.696472,-73.945007",1675,121,32
1760384553,2025-10-13T19:42:33Z,DAL603,"40.697456,-73.944168",1675,117,33
1760384555,2025-10-13T19:42:35Z,DAL603,"40.698341,-73.94342",1675,115,34
1760384557,2025-10-13T19:42:37Z,DAL603,"40.699318,-73.942543",1675,112,34
1760384559,2025-10-13T19:42:39Z,DAL603,"40.700157,-73.941734",1675,112,34
1760384561,2025-10-13T19:42:41Z,DAL603,"40.701233,-73.940796",1675,111,35
1760384563,2025-10-13T19:42:43Z,DAL603,"40.701923,-73.940109",1650,111,35
1760384565,2025-10-13T19:42:45Z,DAL603,"40.70295,-73.939171",1650,110,35
1760384567,2025-10-13T19:42:47Z,DAL603,"40.703789,-73.938423",1625,110,35
1760384570,2025-10-13T19:42:50Z,DAL603,"40.70462,-73.937561",1600,109,35
1760384572,2025-10-13T19:42:52Z,DAL603,"40.705418,-73.936867",1600,108,36
1760384574,2025-10-13T19:42:54Z,DAL603,"40.706253,-73.93605",1575,109,34
1760384576,2025-10-13T19:42:56Z,DAL603,"40.707275,-73.93512",1550,108,33
1760384578,2025-10-13T19:42:58Z,DAL603,"40.708069,-73.934433",1525,107,34
1760384580,2025-10-13T19:43:00Z,DAL603,"40.708908,-73.933678",1525,107,34
1760384582,2025-10-13T19:43:02Z,DAL603,"40.709747,-73.932922",1500,107,33
1760384584,2025-10-13T19:43:04Z,DAL603,"40.710724,-73.932121",1475,107,33
1760384586,2025-10-13T19:43:06Z,DAL603,"40.711563,-73.931374",1450,108,31
1760384588,2025-10-13T19:43:08Z,DAL603,"40.712166,-73.930931",1425,108,31
1760384590,2025-10-13T19:43:10Z,DAL603,"40.713409,-73.929932",1400,108,31
1760384592,2025-10-13T19:43:12Z,DAL603,"40.714279,-73.929199",1375,107,31
1760384594,2025-10-13T19:43:14Z,DAL603,"40.715103,-73.928528",1350,107,32
1760384597,2025-10-13T19:43:17Z,DAL603,"40.715889,-73.927879",1350,106,32
1760384599,2025-10-13T19:43:19Z,DAL603,"40.716728,-73.927193",1300,106,32
1760384601,2025-10-13T19:43:21Z,DAL603,"40.717758,-73.926331",1275,105,31
1760384603,2025-10-13T19:43:23Z,DAL603,"40.71859,-73.92569",1275,104,30
1760384605,2025-10-13T19:43:25Z,DAL603,"40.719452,-73.924988",1250,104,30
1760384607,2025-10-13T19:43:27Z,DAL603,"40.720268,-73.924377",1225,106,31
1760384609,2025-10-13T19:43:29Z,DAL603,"40.721104,-73.923691",1200,106,31
1760384611,2025-10-13T19:43:31Z,DAL603,"40.722061,-73.922913",1175,106,31
1760384613,2025-10-13T19:43:33Z,DAL603,"40.722885,-73.922241",1150,107,32
1760384616,2025-10-13T19:43:36Z,DAL603,"40.723755,-73.921509",1125,107,32
1760384618,2025-10-13T19:43:38Z,DAL603,"40.724781,-73.920631",1100,107,32
1760384620,2025-10-13T19:43:40Z,DAL603,"40.72554,-73.920044",1100,107,32
1760384622,2025-10-13T19:43:42Z,DAL603,"40.726547,-73.919189",1075,107,32
1760384630,2025-10-13T19:43:50Z,DAL603,"40.729996,-73.916328",975,108,32
1760384638,2025-10-13T19:43:58Z,DAL603,"40.733368,-73.913513",900,109,31
1760384647,2025-10-13T19:44:07Z,DAL603,"40.737167,-73.910461",800,109,32
1760384655,2025-10-13T19:44:15Z,DAL603,"40.740608,-73.907585",725,112,31
1760384657,2025-10-13T19:44:17Z,DAL603,"40.741562,-73.90686",700,113,30
1760384659,2025-10-13T19:44:19Z,DAL603,"40.742332,-73.906212",675,111,30
1760384661,2025-10-13T19:44:21Z,DAL603,"40.743347,-73.905457",650,110,30
1760384663,2025-10-13T19:44:23Z,DAL603,"40.744446,-73.904541",650,108,31
1760384665,2025-10-13T19:44:25Z,DAL603,"40.745358,-73.903847",625,107,32
1760384668,2025-10-13T19:44:28Z,DAL603,"40.745819,-73.903442",625,107,32
1760384670,2025-10-13T19:44:30Z,DAL603,"40.74733,-73.902222",575,106,31
1760384679,2025-10-13T19:44:39Z,DAL603,"40.750992,-73.899292",475,105,31
1760384683,2025-10-13T19:44:43Z,DAL603,"40.752686,-73.897949",425,105,31
1760384715,2025-10-13T19:45:15Z,DAL603,"40.767712,-73.885368",0,126,30
1760384724,2025-10-13T19:45:24Z,DAL603,"40.771938,-73.881897",0,119,32
1760384731,2025-10-13T19:45:31Z,DAL603,"40.77491,-73.879402",0,99,31
1760384732,2025-10-13T19:45:32Z,DAL603,"40.775291,-73.879089",0,98,31
1760384734,2025-10-13T19:45:34Z,DAL603,"40.775871,-73.87854",0,84,33
1760384736,2025-10-13T19:45:36Z,DAL603,"40.776379,-73.878166",0,68,31
1760384738,2025-10-13T19:45:38Z,DAL603,"40.77684,-73.877792",0,59,31
1760384740,2025-10-13T19:45:40Z,DAL603,"40.77721,-73.877487",0,48,31
1760384742,2025-10-13T19:45:42Z,DAL603,"40.777561,-73.87722",0,42,30
1760384744,2025-10-13T19:45:44Z,DAL603,"40.777882,-73.876953",0,38,31
1760384747,2025-10-13T19:45:47Z,DAL603,"40.77829,-73.876587",0,32,33
1760384750,2025-10-13T19:45:50Z,DAL603,"40.77869,-73.876259",0,31,32
1760384754,2025-10-13T19:45:54Z,DAL603,"40.778999,-73.87603",0,19,29
1760384758,2025-10-13T19:45:58Z,DAL603,"40.779041,-73.875816",0,8,55
1760384762,2025-10-13T19:46:02Z,DAL603,"40.77898,-73.875572",0,12,108
1760384766,2025-10-13T19:46:06Z,DAL603,"40.778858,-73.875313",0,14,128
1760384771,2025-10-13T19:46:11Z,DAL603,"40.77874,-73.875008",0,121,122
1760384775,2025-10-13T19:46:15Z,DAL603,"40.77861,-73.874786",0,11,123
1760384780,2025-10-13T19:46:20Z,DAL603,"40.778488,-73.874474",0,11,120
1760384784,2025-10-13T19:46:24Z,DAL603,"40.7784,-73.87426",0,10,119
1760384787,2025-10-13T19:46:27Z,DAL603,"40.778339,-73.874023",0,11,113
1760384792,2025-10-13T19:46:32Z,DAL603,"40.778339,-73.873734",0,12,97
1760384796,2025-10-13T19:46:36Z,DAL603,"40.778358,-73.873413",0,13,90
1760384800,2025-10-13T19:46:40Z,DAL603,"40.778332,-73.8731",0,13,93
1760384803,2025-10-13T19:46:43Z,DAL603,"40.778301,-73.872871",0,13,96
1760384806,2025-10-13T19:46:46Z,DAL603,"40.778259,-73.872597",0,14,100
1760384809,2025-10-13T19:46:49Z,DAL603,"40.778198,-73.87236",0,14,105
1760384811,2025-10-13T19:46:51Z,DAL603,"40.778099,-73.872124",0,14,113
1760384815,2025-10-13T19:46:55Z,DAL603,"40.777962,-73.871758",0,16,116
1760384819,2025-10-13T19:46:59Z,DAL603,"40.77784,-73.871513",0,16,119
1760384822,2025-10-13T19:47:02Z,DAL603,"40.777721,-73.871277",0,16,122
1760384826,2025-10-13T19:47:06Z,DAL603,"40.777561,-73.870918",0,17,120
1760384829,2025-10-13T19:47:09Z,DAL603,"40.77737,-73.87056",0,17,122
1760384833,2025-10-13T19:47:13Z,DAL603,"40.777241,-73.87027",0,18,121
1760384836,2025-10-13T19:47:16Z,DAL603,"40.777111,-73.86998",0,18,121
1760384839,2025-10-13T19:47:19Z,DAL603,"40.776958,-73.86969",0,19,122
1760384843,2025-10-13T19:47:23Z,DAL603,"40.77676,-73.86927",0,20,121
1760384845,2025-10-13T19:47:25Z,DAL603,"40.776661,-73.869057",0,20,121
1760384847,2025-10-13T19:47:27Z,DAL603,"40.776562,-73.868828",0,21,121
1760384849,2025-10-13T19:47:29Z,DAL603,"40.77644,-73.868607",0,21,126
1760384851,2025-10-13T19:47:31Z,DAL603,"40.77634,-73.868401",0,21,122
1760384853,2025-10-13T19:47:33Z,DAL603,"40.776241,-73.868172",0,21,121
1760384856,2025-10-13T19:47:36Z,DAL603,"40.776089,-73.867882",0,20,122
1760384858,2025-10-13T19:47:38Z,DAL603,"40.776009,-73.867668",0,20,121
1760384862,2025-10-13T19:47:42Z,DAL603,"40.775799,-73.867264",0,20,122
1760384864,2025-10-13T19:47:44Z,DAL603,"40.7757,-73.867043",0,20,122
1760384867,2025-10-13T19:47:47Z,DAL603,"40.775532,-73.866707",0,21,123
1760384869,2025-10-13T19:47:49Z,DAL603,"40.775429,-73.866493",0,21,121
1760384871,2025-10-13T19:47:51Z,DAL603,"40.775311,-73.866241",0,23,122
1760384873,2025-10-13T19:47:53Z,DAL603,"40.775211,-73.86602",0,22,121
1760384877,2025-10-13T19:47:57Z,DAL603,"40.775021,-73.865608",0,20,121
1760384879,2025-10-13T19:47:59Z,DAL603,"40.77491,-73.865402",0,20,122
1760384881,2025-10-13T19:48:01Z,DAL603,"40.774799,-73.865196",0,20,123
1760384883,2025-10-13T19:48:03Z,DAL603,"40.7747,-73.864967",0,21,122
1760384886,2025-10-13T19:48:06Z,DAL603,"40.774529,-73.864594",0,23,121
1760384888,2025-10-13T19:48:08Z,DAL603,"40.774422,-73.86438",0,22,122
1760384890,2025-10-13T19:48:10Z,DAL603,"40.774311,-73.864143",0,22,122
1760384892,2025-10-13T19:48:12Z,DAL603,"40.7742,-73.863899",0,23,121
1760384894,2025-10-13T19:48:14Z,DAL603,"40.774078,-73.86367",0,23,122
1760384896,2025-10-13T19:48:16Z,DAL603,"40.77396,-73.863426",0,23,122
1760384898,2025-10-13T19:48:18Z,DAL603,"40.773849,-73.863182",0,24,121
1760384901,2025-10-13T19:48:21Z,DAL603,"40.773682,-73.862823",0,23,121
1760384903,2025-10-13T19:48:23Z,DAL603,"40.77356,-73.862602",0,23,123
1760384907,2025-10-13T19:48:27Z,DAL603,"40.773392,-73.862198",0,20,121
1760384910,2025-10-13T19:48:30Z,DAL603,"40.77322,-73.861877",0,21,123
1760384914,2025-10-13T19:48:34Z,DAL603,"40.773041,-73.861481",0,20,122
1760384917,2025-10-13T19:48:37Z,DAL603,"40.772911,-73.861198",0,19,121
1760384920,2025-10-13T19:48:40Z,DAL603,"40.772781,-73.860924",0,18,121
1760384922,2025-10-13T19:48:42Z,DAL603,"40.772659,-73.860718",0,19,125
1760384925,2025-10-13T19:48:45Z,DAL603,"40.772518,-73.86042",0,19,122
1760384929,2025-10-13T19:48:49Z,DAL603,"40.772362,-73.860046",0,18,121
1760384933,2025-10-13T19:48:53Z,DAL603,"40.772171,-73.859673",0,18,122
1760384936,2025-10-13T19:48:56Z,DAL603,"40.772018,-73.85939",0,18,123
1760384940,2025-10-13T19:49:00Z,DAL603,"40.771881,-73.859047",0,16,121
1760384944,2025-10-13T19:49:04Z,DAL603,"40.771729,-73.858772",0,14,125
1760384949,2025-10-13T19:49:09Z,DAL603,"40.771591,-73.858551",0,10,127
1760384954,2025-10-13T19:49:14Z,DAL603,"40.771351,-73.858528",0,10,163
1760384960,2025-10-13T19:49:20Z,DAL603,"40.771042,-73.858673",0,13,200
1760384966,2025-10-13T19:49:26Z,DAL603,"40.77079,-73.85894",0,12,218
1760384972,2025-10-13T19:49:32Z,DAL603,"40.770561,-73.859016",0,9,201
1760384977,2025-10-13T19:49:37Z,DAL603,"40.77034,-73.85891",0,10,164
1760384982,2025-10-13T19:49:42Z,DAL603,"40.77013,-73.858849",0,9,156
1760384989,2025-10-13T19:49:49Z,DAL603,"40.769859,-73.858772",0,9,162
1760385002,2025-10-13T19:50:02Z,DAL603,"40.769402,-73.858917",0,6,202
1760385021,2025-10-13T19:50:21Z,DAL603,"40.769176,-73.858826",0,3,143
1760385041,2025-10-13T19:50:41Z,DAL603,"40.769032,-73.85862",0,2,132
