point_id,lat,lon,time,relative_humidity_2m,dew_point_2m,apparent_temperature,precipitation_probability,rain,showers,snowfall,snow_depth,windspeed_10m,windspeed_80m,windspeed_120m,windspeed_180m,winddirection_10m,winddirection_80m,winddirection_120m,winddirection_180m,windgusts_10m,temperature_80m,temperature_120m,temperature_180m,visibility
0,40.642651,-73.774551,2026-01-11T14:00,87,4.7,3.6,12,0.0,0.0,0.0,0.0,12.4,22.0,32.1,35.0,280,270,320,310,22.3,6.0,5.8,4.6,16300.0
1,40.644413,-73.772232,2026-01-11T15:00,74,2.7,2.6,8,0.0,0.0,0.0,0.0,19.3,31.3,32.5,37.0,291,293,316,311,37.4,5.5,5.3,4.0,22400.0
2,40.638954,-73.775238,2026-01-11T15:00,74,2.7,2.6,8,0.0,0.0,0.0,0.0,19.3,31.3,32.5,37.0,291,293,316,311,37.4,5.5,5.3,4.0,22400.0
3,40.6325,-73.776764,2026-01-11T15:00,74,2.7,2.6,8,0.0,0.0,0.0,0.0,19.3,31.3,32.5,37.0,291,293,316,311,37.4,5.6,5.4,4.0,22400.0
4,40.628651,-73.773209,2026-01-11T16:00,56,-1.1,1.3,2,0.0,0.0,0.0,0.0,23.3,29.5,30.9,34.0,290,288,305,306,33.8,5.9,5.7,4.0,34200.0
5,40.641453,-73.805153,2026-01-11T16:00,55,-1.5,1.2,2,0.0,0.0,0.0,0.0,23.3,29.8,30.9,34.0,290,288,305,306,33.8,5.9,5.7,4.0,35300.0
6,40.64164,-73.841858,2026-01-11T16:00,55,-1.4,1.3,1,0.0,0.0,0.0,0.0,23.5,29.3,30.9,34.0,291,289,305,306,33.8,5.9,5.7,4.0,35700.0
7,40.622505,-73.885612,2026-01-11T16:00,57,-1.0,1.6,1,0.0,0.0,0.0,0.0,20.9,27.1,28.1,34.0,291,289,307,306,32.0,5.7,5.5,4.0,33700.0
8,40.583542,-73.921448,2026-01-11T16:00,59,-1.1,0.9,1,0.0,0.0,0.0,0.0,21.0,27.8,28.1,34.0,292,291,307,306,31.3,5.6,5.4,4.0,32400.0
9,40.497665,-74.001587,2026-01-11T16:00,73,-0.8,-1.6,2,0.0,0.0,0.0,0.0,20.2,25.0,24.7,29.9,281,295,298,306,25.9,6.3,6.1,3.9,22400.0
10,40.232864,-74.445045,2026-01-11T16:00,59,-1.2,1.1,3,0.0,0.0,0.0,0.0,19.1,24.5,23.0,30.3,281,280,297,300,27.4,6.2,6.0,3.3,32500.0
11,40.197765,-74.562645,2026-01-11T16:00,56,-2.2,0.9,3,0.0,0.0,0.0,0.0,17.2,22.7,23.0,31.0,290,288,297,301,33.8,6.3,6.1,3.1,34200.0
12,40.137199,-75.204163,2026-01-11T16:00,64,0.2,2.5,0,0.0,0.0,0.0,0.0,13.4,17.7,28.3,28.1,265,266,293,303,34.9,4.3,4.1,2.3,28600.0
13,39.928505,-75.648987,2026-01-11T16:00,52,-3.2,1.4,0,0.0,0.0,0.0,0.0,14.0,17.3,33.7,28.2,269,271,295,302,30.2,3.8,3.6,2.0,38400.0
14,39.421692,-76.441322,2026-01-11T16:00,43,-4.6,1.7,0,0.0,0.0,0.0,0.0,18.8,23.2,35.0,26.4,277,276,294,294,35.6,4.4,4.2,3.1,46600.0
15,38.809158,-77.233887,2026-01-11T16:00,44,-3.3,3.0,0,0.0,0.0,0.0,0.0,18.7,26.3,30.8,24.0,270,271,292,296,38.2,5.8,5.5,3.5,46100.0
16,38.119537,-77.971901,2026-01-11T16:00,40,-3.4,4.6,1,0.0,0.0,0.0,0.0,15.9,23.2,29.5,27.7,245,251,287,279,35.3,6.7,6.5,4.7,50300.0
17,37.399063,-78.68502,2026-01-11T17:00,40,-4.5,3.0,0,0.0,0.0,0.0,0.0,17.7,29.8,43.5,45.6,257,262,284,284,50.8,5.9,5.7,4.1,50300.0
18,36.717705,-79.34227,2026-01-11T17:00,47,-2.5,2.4,0,0.0,0.0,0.0,0.0,22.7,34.6,44.0,45.7,281,282,292,292,54.0,6.9,6.6,4.6,42900.0
19,35.978176,-80.009453,2026-01-11T17:00,35,-5.3,2.8,0,0.0,0.0,0.0,0.0,26.2,38.9,48.3,46.6,279,278,283,288,49.7,7.1,6.9,4.6,56200.0
20,35.103413,-80.43766,2026-01-11T17:00,29,-5.3,6.2,0,0.0,0.0,0.0,0.0,23.0,30.5,45.9,42.0,284,284,295,295,45.7,9.4,9.1,7.3,63100.0
21,34.340328,-80.986008,2026-01-11T17:00,26,-5.5,7.7,0,0.0,0.0,0.0,0.0,22.2,34.8,48.7,34.9,278,281,292,289,49.0,11.2,10.9,9.4,68100.0
22,33.403931,-81.365295,2026-01-11T17:00,30,-3.6,7.0,0,0.0,0.0,0.0,0.0,29.9,44.0,57.2,44.8,285,287,298,298,47.5,11.1,10.9,8.9,64400.0
23,32.49353,-81.758163,2026-01-11T18:00,27,-3.5,8.6,0,0.0,0.0,0.0,0.0,31.8,43.2,48.7,44.1,301,300,306,304,44.3,12.9,12.7,11.0,66200.0
24,31.56144,-82.273865,2026-01-11T18:00,34,0.2,11.0,0,0.0,0.0,0.0,0.0,24.4,32.1,39.5,35.5,307,307,313,310,38.9,13.9,13.6,11.6,57300.0
25,30.840546,-82.626343,2026-01-11T18:00,39,3.2,13.3,0,0.0,0.0,0.0,0.0,20.4,30.8,32.8,28.6,312,314,328,319,31.7,15.1,14.8,11.9,50800.0
26,30.326641,-82.969406,2026-01-11T18:00,40,4.1,14.0,0,0.0,0.0,0.0,0.0,20.7,28.3,37.5,29.0,321,323,336,337,36.4,15.5,15.3,12.3,47000.0
27,29.432512,-83.554474,2026-01-11T18:00,61,7.4,9.1,0,0.0,0.0,0.0,0.0,37.9,41.6,33.8,40.5,342,342,351,348,49.7,14.9,14.8,12.2,30700.0
28,28.46525,-84.173904,2026-01-11T18:00,79,13.3,11.8,1,0.0,0.0,0.0,0.0,43.0,46.9,46.3,45.4,351,352,2,359,47.9,15.9,15.6,13.6,20100.0
29,27.482666,-84.79248,2026-01-11T18:00,80,16.0,14.4,6,0.0,0.0,0.0,0.0,49.3,53.3,52.3,51.2,359,359,4,3,54.0,18.0,17.8,16.4,19300.0
30,26.561874,-85.56028,2026-01-11T19:00,88,19.7,18.4,14,0.0,0.0,0.0,0.0,48.6,52.2,56.1,50.1,1,1,11,12,52.6,20.2,20.0,19.7,16100.0
31,24.486786,-87.010651,2026-01-11T19:00,78,21.3,26.8,27,0.0,0.0,0.0,0.0,23.4,24.1,24.2,24.4,359,359,13,19,26.3,24.5,24.2,21.8,19800.0
32,23.452738,-87.400261,2026-01-11T19:00,81,21.5,26.8,60,0.0,0.3,0.0,0.0,19.1,20.2,20.3,20.6,12,11,12,12,25.6,23.8,23.1,22.2,24140.0
33,22.343584,-87.809502,2026-01-11T19:00,73,20.5,27.5,13,0.0,0.0,0.0,0.0,18.9,20.0,20.5,20.5,18,18,18,18,25.2,24.7,24.0,23.2,24140.0
34,21.187088,-88.040771,2026-01-11T19:00,53,18.2,30.7,0,0.0,0.0,0.0,0.0,12.3,19.1,19.9,20.7,32,32,32,31,31.0,26.7,25.9,25.0,24140.0
35,20.010479,-88.272102,2026-01-11T20:00,50,17.7,30.6,8,0.0,0.0,0.0,0.0,10.7,16.3,17.1,17.5,14,14,15,14,29.2,27.2,26.5,25.6,24140.0
36,18.897369,-88.487831,2026-01-11T20:00,63,20.7,31.0,38,0.0,0.0,0.0,0.0,11.3,17.3,18.1,18.6,31,31,31,32,33.8,26.6,25.9,25.0,11860.0
37,17.689989,-88.643974,2026-01-11T20:00,68,21.7,31.6,73,0.0,0.5,0.0,0.0,9.7,14.8,15.6,16.7,39,39,38,37,32.0,26.7,26.0,25.2,12860.0
38,16.493271,-88.756088,2026-01-11T20:00,67,19.5,28.0,90,0.0,0.2,0.0,0.0,11.4,17.3,17.9,18.6,24,23,22,22,33.8,24.3,23.7,22.9,24140.0
39,15.27887,-88.868164,2026-01-11T20:00,86,21.4,27.5,85,0.0,0.2,0.0,0.0,6.2,7.6,8.3,9.4,353,352,355,356,25.6,22.6,21.9,21.1,9460.0
40,14.039658,-88.999435,2026-01-11T20:00,33,13.7,31.7,0,0.0,0.0,0.0,0.0,16.8,22.4,22.9,23.4,35,37,37,37,36.7,29.9,29.2,28.4,24140.0
41,13.650327,-89.043945,2026-01-11T20:00,38,15.2,30.4,0,0.0,0.0,0.0,0.0,20.6,28.8,29.8,30.6,44,43,43,43,45.4,29.3,28.6,27.9,24140.0
42,13.416138,-89.01194,2026-01-11T21:00,29,14.4,35.0,0,0.0,0.0,0.0,0.0,10.0,12.6,13.7,15.5,103,92,85,78,31.0,33.5,32.7,31.9,24140.0
43,13.405975,-88.97155,2026-01-11T21:00,61,21.7,31.8,0,0.0,0.0,0.0,0.0,21.0,24.8,24.9,24.5,168,167,166,163,33.1,28.2,27.5,26.6,24140.0
44,13.433075,-88.965584,2026-01-11T21:00,29,14.3,35.0,0,0.0,0.0,0.0,0.0,10.0,12.6,13.7,15.5,103,92,85,78,31.0,33.5,32.7,31.9,24140.0
45,13.458345,-88.978752,2026-01-11T21:00,29,14.2,34.8,0,0.0,0.0,0.0,0.0,10.0,12.6,13.7,15.5,103,92,85,78,31.0,33.4,32.6,31.8,24140.0
46,13.45909,-89.005836,2026-01-11T21:00,29,14.2,34.8,0,0.0,0.0,0.0,0.0,10.0,12.6,13.7,15.5,103,92,85,78,31.0,33.3,32.5,31.7,24140.0
47,13.448959,-89.033112,2026-01-11T21:00,29,14.3,34.9,0,0.0,0.0,0.0,0.0,10.0,12.6,13.7,15.5,103,92,85,78,31.0,33.4,32.6,31.8,24140.0
48,13.43684,-89.067337,2026-01-11T21:00,29,14.4,35.0,0,0.0,0.0,0.0,0.0,10.0,12.6,13.7,15.5,103,92,85,78,31.0,33.5,32.7,31.9,24140.0
49,13.439358,-89.071053,2026-01-11T21:00,51,21.2,34.9,0,0.0,0.0,0.0,0.0,15.4,17.3,16.9,16.6,159,157,153,146,26.3,30.9,30.2,29.4,24140.0
