time,lat,lon,precip_risk,vis_risk,wind_risk,fog_risk,snow_risk,severity_0_100,precip_intensity_norm_0_1,precip_probability_0_1
2025-10-14 00:00:00+00:00,32.890831,-97.035217,0.0,0.0,18.7,0.0,0.0,3.74,0.0,0.0
2025-10-14 01:00:00+00:00,32.894814,-97.03318,0.0,0.0,19.8,0.0,0.0,3.96,0.0,0.0
2025-10-14 01:00:00+00:00,32.904587,-97.033127,0.0,0.0,19.8,0.0,0.0,3.96,0.0,0.0
2025-10-14 01:00:00+00:00,32.912701,-97.032722,0.0,0.0,20.5,0.0,0.0,4.1,0.0,0.0
2025-10-14 01:00:00+00:00,32.896683,-97.030045,0.0,0.0,19.8,0.0,0.0,3.96,0.0,0.0
2025-10-14 01:00:00+00:00,32.843719,-97.022842,0.0,0.0,23.0,0.0,0.0,4.6,0.0,0.0
2025-10-14 01:00:00+00:00,32.780037,-96.982986,0.0,0.0,23.4,0.0,0.0,4.68,0.0,0.0
2025-10-14 01:00:00+00:00,32.76622,-96.923584,0.0,0.0,24.5,0.0,0.0,4.9,0.0,0.0
2025-10-14 01:00:00+00:00,32.794979,-96.874245,0.0,0.0,23.0,0.0,0.0,4.6,0.0,0.0
2025-10-14 01:00:00+00:00,32.934906,-96.861954,0.0,0.0,24.1,0.0,0.0,4.82,0.0,0.0
2025-10-14 02:00:00+00:00,38.865532,-90.437195,0.7,0.0,6.5,0.0,0.0,1.54,0.0,0.01
2025-10-14 02:00:00+00:00,38.379852,-91.183418,0.7,0.0,4.0,2.5,0.0,1.42,0.0,0.01
2025-10-14 02:00:00+00:00,37.363541,-92.616264,1.4,0.0,6.1,37.5,0.0,7.34,0.0,0.02
2025-10-14 02:00:00+00:00,34.168179,-96.343117,0.7,0.0,11.5,0.0,0.0,2.55,0.0,0.01
2025-10-14 02:00:00+00:00,35.307358,-95.247139,0.7,0.0,15.5,0.0,0.0,3.34,0.0,0.01
2025-10-14 02:00:00+00:00,33.475574,-96.806702,0.7,0.0,17.6,0.0,0.0,3.77,0.0,0.01
2025-10-14 02:00:00+00:00,36.332809,-94.007027,1.4,0.0,9.7,47.5,0.0,9.55,0.0,0.02
2025-10-14 03:00:00+00:00,41.281677,-80.400757,0.7,0.0,11.5,100.0,0.0,17.55,0.0,0.01
2025-10-14 03:00:00+00:00,41.295319,-79.88562,0.0,0.0,16.9,97.5,0.0,18.01,0.0,0.0
2025-10-14 03:00:00+00:00,41.214935,-80.033997,0.0,0.0,19.4,95.0,0.0,18.13,0.0,0.0
2025-10-14 03:00:00+00:00,41.193146,-80.163368,0.0,0.0,20.9,100.0,0.0,19.18,0.0,0.0
2025-10-14 03:00:00+00:00,41.217773,-80.295471,0.0,0.0,19.4,100.0,0.0,18.88,0.0,0.0
2025-10-14 03:00:00+00:00,41.398773,-80.618301,0.0,0.0,9.4,100.0,0.0,16.88,0.0,0.0
2025-10-14 03:00:00+00:00,41.360184,-80.495728,0.0,0.0,16.9,100.0,0.0,18.38,0.0,0.0
2025-10-14 03:00:00+00:00,41.017593,-83.050293,0.0,0.0,12.2,100.0,0.0,17.44,0.0,0.0
2025-10-14 03:00:00+00:00,40.421356,-84.793396,0.0,0.0,15.8,0.0,0.0,3.16,0.0,0.0
2025-10-14 03:00:00+00:00,39.762035,-86.604858,0.0,0.0,6.1,0.0,0.0,1.22,0.0,0.0
2025-10-14 03:00:00+00:00,39.259277,-87.916893,0.7,0.0,9.4,17.5,0.0,4.75,0.0,0.01
2025-10-14 03:00:00+00:00,39.028278,-89.419617,0.7,0.0,11.2,12.5,0.0,4.36,0.0,0.01
2025-10-14 03:00:00+00:00,41.345123,-81.993896,0.0,98.0,5.8,100.0,0.0,40.66,0.0,0.0
2025-10-14 04:00:00+00:00,40.460178,-74.647728,7.7,0.0,52.6,100.0,0.0,28.22,0.0,0.11
2025-10-14 04:00:00+00:00,40.77705,-73.869888,12.6,0.0,52.9,100.0,0.0,29.99,0.0,0.18
2025-10-14 04:00:00+00:00,40.780392,-73.873367,12.6,0.0,52.9,100.0,0.0,29.99,0.0,0.18
2025-10-14 04:00:00+00:00,40.74424,-73.904716,14.7,0.0,49.7,100.0,0.0,30.08,0.0,0.21
2025-10-14 04:00:00+00:00,40.666489,-73.968811,18.2,0.0,51.5,100.0,0.0,31.67,0.0,0.26
2025-10-14 04:00:00+00:00,40.618038,-74.008713,19.6,0.0,52.9,100.0,0.0,32.44,0.0,0.28
2025-10-14 04:00:00+00:00,40.584335,-74.054909,19.6,0.0,52.6,100.0,0.0,32.38,0.0,0.28
2025-10-14 04:00:00+00:00,40.491135,-74.238861,21.0,0.0,49.7,100.0,0.0,32.29,0.0,0.3
2025-10-14 04:00:00+00:00,40.561478,-74.984436,7.7,0.0,46.1,100.0,0.0,26.92,0.0,0.11
2025-10-14 04:00:00+00:00,40.774132,-73.863762,14.7,0.0,52.9,100.0,0.0,30.72,0.0,0.21
2025-10-14 04:00:00+00:00,40.646294,-75.121765,5.6,0.0,39.2,100.0,0.0,24.8,0.0,0.08
2025-10-14 04:00:00+00:00,40.766495,-75.613716,2.1,0.0,39.2,100.0,0.0,23.58,0.0,0.03
2025-10-14 04:00:00+00:00,41.059959,-76.935822,4.9,0.0,26.3,100.0,0.0,21.98,0.0,0.07
2025-10-14 04:00:00+00:00,41.264465,-78.851562,0.0,0.0,23.8,100.0,0.0,19.76,0.0,0.0
2025-10-14 04:00:00+00:00,41.319302,-79.759247,0.0,0.0,15.8,90.0,0.0,16.66,0.0,0.0
2025-10-14 04:00:00+00:00,40.404144,-74.402466,16.8,0.0,51.5,100.0,0.0,31.18,0.0,0.24
2025-10-14 07:00:00+00:00,40.771568,-73.861908,1.4,0.0,48.2,100.0,0.0,25.13,0.0,0.02
2025-10-14 12:00:00+00:00,40.77684,-73.877983,0.0,98.0,38.2,100.0,0.0,47.14,0.0,0.0
2025-10-14 12:00:00+00:00,40.77634,-73.869774,0.0,98.0,38.2,100.0,0.0,47.14,0.0,0.0
2025-10-14 12:00:00+00:00,40.779476,-73.883118,0.0,98.0,37.8,100.0,0.0,47.06,0.0,0.0
