point_id,time,lat,lon,visibility,precipitation_probability,rain,showers,snowfall,snow_depth,windspeed_10m,windgusts_10m,apparent_temperature,dew_point_2m
0,2026-02-02 04:00:00+00:00,40.63858,-73.781746,4020.0,86,0.5,0.0,0.0,0.0,30.6,51.5,8.5,11.8
1,2026-02-02 04:00:00+00:00,40.636494,-73.782593,4020.0,86,0.5,0.0,0.0,0.0,30.6,51.5,8.5,11.8
2,2026-02-02 04:00:00+00:00,40.633701,-73.781555,4020.0,86,0.5,0.0,0.0,0.0,30.6,51.5,8.5,11.8
3,2026-02-02 04:00:00+00:00,40.631092,-73.780396,4020.0,86,0.5,0.0,0.0,0.0,30.6,51.5,8.5,11.8
4,2026-02-02 04:00:00+00:00,40.627304,-73.783356,4020.0,86,0.5,0.0,0.0,0.0,30.6,51.5,8.5,11.8
5,2026-02-02 04:00:00+00:00,40.623764,-73.786133,4020.0,86,0.5,0.0,0.0,0.0,30.6,51.5,8.5,11.8
6,2026-02-02 04:00:00+00:00,40.624111,-73.783989,4020.0,86,0.5,0.0,0.0,0.0,30.6,51.5,8.5,11.8
7,2026-02-02 04:00:00+00:00,40.666214,-73.745728,4020.0,86,0.5,0.0,0.0,0.0,30.6,51.5,8.5,11.8
8,2026-02-02 04:00:00+00:00,40.668045,-73.704529,4020.0,86,0.5,0.0,0.0,0.0,30.6,51.5,8.5,11.8
9,2026-02-02 04:00:00+00:00,40.650532,-73.661644,4020.0,86,0.5,0.0,0.0,0.0,30.6,51.5,8.5,11.8
10,2026-02-02 04:00:00+00:00,40.611557,-73.637268,4020.0,86,0.5,0.0,0.0,0.0,30.6,51.5,8.5,11.8
11,2026-02-02 04:00:00+00:00,40.507614,-73.568138,4020.0,86,0.5,0.0,0.0,0.0,30.6,51.5,8.5,11.8
12,2026-02-02 04:00:00+00:00,40.358826,-73.299683,4020.0,86,0.5,0.0,0.0,0.0,30.6,51.5,8.5,11.8
13,2026-02-02 04:00:00+00:00,39.926041,-72.385109,4020.0,86,0.5,0.0,0.0,0.0,30.6,51.5,8.5,11.8
14,2026-02-02 05:00:00+00:00,39.921246,-72.29071,50000.0,66,0.1,0.0,0.0,0.0,23.0,37.1,9.4,11.4
15,2026-02-02 05:00:00+00:00,39.942986,-72.205208,50000.0,66,0.1,0.0,0.0,0.0,23.0,37.1,9.4,11.4
16,2026-02-02 05:00:00+00:00,40.163734,-71.365936,50000.0,66,0.1,0.0,0.0,0.0,23.0,37.1,9.4,11.4
17,2026-02-02 05:00:00+00:00,40.503937,-69.906128,50000.0,66,0.1,0.0,0.0,0.0,23.0,37.1,9.4,11.4
18,2026-02-02 05:00:00+00:00,40.82991,-68.409668,50000.0,66,0.1,0.0,0.0,0.0,23.0,37.1,9.4,11.4
19,2026-02-02 05:00:00+00:00,41.128342,-66.92141,50000.0,66,0.1,0.0,0.0,0.0,23.0,37.1,9.4,11.4
20,2026-02-02 05:00:00+00:00,41.238998,-66.097244,50000.0,66,0.1,0.0,0.0,0.0,23.0,37.1,9.4,11.4
21,2026-02-02 05:00:00+00:00,41.465973,-64.507721,50000.0,66,0.1,0.0,0.0,0.0,23.0,37.1,9.4,11.4
22,2026-02-02 06:00:00+00:00,41.865311,-61.183563,50000.0,51,0.0,0.0,0.0,0.0,20.9,24.8,9.7,11.2
23,2026-02-02 09:00:00+00:00,49.079746,-13.615314,50000.0,41,0.1,0.0,0.0,0.0,13.0,15.8,10.5,10.5
24,2026-02-02 09:00:00+00:00,49.193481,-11.886643,50000.0,41,0.1,0.0,0.0,0.0,13.0,15.8,10.5,10.5
25,2026-02-02 10:00:00+00:00,49.284157,-10.137273,10620.0,56,0.5,0.0,0.0,0.0,13.3,16.2,10.1,10.2
26,2026-02-02 10:00:00+00:00,49.347374,-8.419864,10620.0,56,0.5,0.0,0.0,0.0,13.3,16.2,10.1,10.2
27,2026-02-02 10:00:00+00:00,49.314423,-6.753916,10620.0,56,0.5,0.0,0.0,0.0,13.3,16.2,10.1,10.2
28,2026-02-02 10:00:00+00:00,49.240219,-5.114136,10620.0,56,0.5,0.0,0.0,0.0,13.3,16.2,10.1,10.2
29,2026-02-02 10:00:00+00:00,49.147617,-3.554222,10620.0,56,0.5,0.0,0.0,0.0,13.3,16.2,10.1,10.2
30,2026-02-02 10:00:00+00:00,49.022999,-1.861532,10620.0,56,0.5,0.0,0.0,0.0,13.3,16.2,10.1,10.2
31,2026-02-02 10:00:00+00:00,48.872177,-0.163739,10620.0,56,0.5,0.0,0.0,0.0,13.3,16.2,10.1,10.2
32,2026-02-02 10:00:00+00:00,48.692944,1.554565,10620.0,56,0.5,0.0,0.0,0.0,13.3,16.2,10.1,10.2
33,2026-02-02 11:00:00+00:00,48.551926,3.321463,13520.0,78,5.3,0.0,0.0,0.0,29.9,36.0,6.9,9.9
34,2026-02-02 11:00:00+00:00,48.399338,4.131944,13520.0,78,5.3,0.0,0.0,0.0,29.9,36.0,6.9,9.9
35,2026-02-02 11:00:00+00:00,48.02243,5.855301,13520.0,78,5.3,0.0,0.0,0.0,29.9,36.0,6.9,9.9
36,2026-02-02 11:00:00+00:00,47.668533,7.354111,13520.0,78,5.3,0.0,0.0,0.0,29.9,36.0,6.9,9.9
37,2026-02-02 11:00:00+00:00,47.486263,8.010794,13520.0,78,5.3,0.0,0.0,0.0,29.9,36.0,6.9,9.9
38,2026-02-02 11:00:00+00:00,47.459682,8.138686,13520.0,78,5.3,0.0,0.0,0.0,29.9,36.0,6.9,9.9
39,2026-02-02 11:00:00+00:00,47.484238,8.21434,13520.0,78,5.3,0.0,0.0,0.0,29.9,36.0,6.9,9.9
40,2026-02-02 11:00:00+00:00,47.522781,8.225395,13520.0,78,5.3,0.0,0.0,0.0,29.9,36.0,6.9,9.9
41,2026-02-02 11:00:00+00:00,47.59108,8.181931,13520.0,78,5.3,0.0,0.0,0.0,29.9,36.0,6.9,9.9
42,2026-02-02 11:00:00+00:00,47.632389,8.195871,13520.0,78,5.3,0.0,0.0,0.0,29.9,36.0,6.9,9.9
43,2026-02-02 11:00:00+00:00,47.651642,8.240158,13520.0,78,5.3,0.0,0.0,0.0,29.9,36.0,6.9,9.9
44,2026-02-02 11:00:00+00:00,47.646744,8.289459,13520.0,78,5.3,0.0,0.0,0.0,29.9,36.0,6.9,9.9
45,2026-02-02 11:00:00+00:00,47.624451,8.34137,13520.0,78,5.3,0.0,0.0,0.0,29.9,36.0,6.9,9.9
46,2026-02-02 11:00:00+00:00,47.563492,8.424753,13520.0,78,5.3,0.0,0.0,0.0,29.9,36.0,6.9,9.9
47,2026-02-02 11:00:00+00:00,47.491928,8.522644,13520.0,78,5.3,0.0,0.0,0.0,29.9,36.0,6.9,9.9
48,2026-02-02 11:00:00+00:00,47.463661,8.557821,13520.0,78,5.3,0.0,0.0,0.0,29.9,36.0,6.9,9.9
49,2026-02-02 11:00:00+00:00,47.461601,8.556835,13520.0,78,5.3,0.0,0.0,0.0,29.9,36.0,6.9,9.9
